<?xml version='1.0' encoding='UTF-8'?>
<?artifactRepository version='1.1.0'?>
<repository name='SQLExplorer Updates' type='org.eclipse.equinox.p2.artifact.repository.simpleRepository' version='1'>
  <properties size='2'>
    <property name='p2.timestamp' value='1280518895171'/>
    <property name='p2.compressed' value='false'/>
  </properties>
  <mappings size='3'>
    <rule filter='(&amp; (classifier=osgi.bundle))' output='${repoUrl}/plugins/${id}_${version}.jar'/>
    <rule filter='(&amp; (classifier=binary))' output='${repoUrl}/binary/${id}_${version}'/>
    <rule filter='(&amp; (classifier=org.eclipse.update.feature))' output='${repoUrl}/features/${id}_${version}.jar'/>
  </mappings>
  <artifacts size='11'>
    <artifact classifier='osgi.bundle' id='net.sourceforge.sqlexplorer.mysql' version='3.5.1.v20100730_SR4'>
      <properties size='3'>
        <property name='artifact.size' value='20919'/>
        <property name='download.size' value='20919'/>
        <property name='download.md5' value='b5519cd31e877fb97309c52542f968ed'/>
      </properties>
    </artifact>
    <artifact classifier='osgi.bundle' id='net.sourceforge.sqlexplorer.mssql' version='3.5.1.v20100730_SR4'>
      <properties size='3'>
        <property name='artifact.size' value='47207'/>
        <property name='download.size' value='47207'/>
        <property name='download.md5' value='34e78feeeb9bb0042d84ca21ed447a53'/>
      </properties>
    </artifact>
    <artifact classifier='osgi.bundle' id='net.sourceforge.sqlexplorer.postgresql' version='3.5.1.v20100730_SR4'>
      <properties size='3'>
        <property name='artifact.size' value='100033'/>
        <property name='download.size' value='100033'/>
        <property name='download.md5' value='262766f19ea32f39d108162ad0f0377e'/>
      </properties>
    </artifact>
    <artifact classifier='osgi.bundle' id='net.sourceforge.sqlexplorer.derby' version='3.5.1.v20100730_SR4'>
      <properties size='3'>
        <property name='artifact.size' value='10950'/>
        <property name='download.size' value='10950'/>
        <property name='download.md5' value='b2e300e24e930346b20d03db8fda3820'/>
      </properties>
    </artifact>
    <artifact classifier='osgi.bundle' id='net.sourceforge.sqlexplorer.oracle' version='3.5.1.v20100730_SR4'>
      <properties size='3'>
        <property name='artifact.size' value='3437853'/>
        <property name='download.size' value='3437853'/>
        <property name='download.md5' value='efb98bee013dc150631651e543fc301f'/>
      </properties>
    </artifact>
    <artifact classifier='org.eclipse.update.feature' id='net.sourceforge.sqlexplorer' version='3.5.1.v20100730_SR4'>
      <properties size='4'>
        <property name='artifact.size' value='2177'/>
        <property name='download.size' value='2177'/>
        <property name='download.md5' value='b1754a0eefd82b4782378c40fe9d2917'/>
        <property name='download.contentType' value='application/zip'/>
      </properties>
    </artifact>
    <artifact classifier='osgi.bundle' id='net.sourceforge.sqlexplorer.dbase' version='3.5.1.v20100730_SR4'>
      <properties size='3'>
        <property name='artifact.size' value='2546'/>
        <property name='download.size' value='2546'/>
        <property name='download.md5' value='2df89b5195e816adf718b28ef39684b6'/>
      </properties>
    </artifact>
    <artifact classifier='osgi.bundle' id='net.sourceforge.sqlexplorer' version='3.5.1.v20100730_SR4'>
      <properties size='3'>
        <property name='artifact.size' value='5527075'/>
        <property name='download.size' value='5527075'/>
        <property name='download.md5' value='dab64bf339af7a1355b816d0756996ec'/>
      </properties>
    </artifact>
    <artifact classifier='osgi.bundle' id='net.sourceforge.sqlexplorer.help' version='3.5.1.v20100730_SR4'>
      <properties size='3'>
        <property name='artifact.size' value='2244662'/>
        <property name='download.size' value='2244662'/>
        <property name='download.md5' value='85f6d0ed1a39d57e5f1dc97b2106c4d6'/>
      </properties>
    </artifact>
    <artifact classifier='osgi.bundle' id='net.sourceforge.sqlexplorer.sybase' version='3.5.1.v20100730_SR4'>
      <properties size='3'>
        <property name='artifact.size' value='25160'/>
        <property name='download.size' value='25160'/>
        <property name='download.md5' value='6f59f204444cce4239e986f4ce647d79'/>
      </properties>
    </artifact>
    <artifact classifier='osgi.bundle' id='net.sourceforge.sqlexplorer.db2' version='3.5.1.v20100730_SR4'>
      <properties size='3'>
        <property name='artifact.size' value='67181'/>
        <property name='download.size' value='67181'/>
        <property name='download.md5' value='2ae89d820f82b306a1d105991240a59f'/>
      </properties>
    </artifact>
  </artifacts>
</repository>
