<?xml version='1.0' encoding='UTF-8'?>
<?artifactRepository version='1.1.0'?>
<repository name='SQLExplorer Updates' type='org.eclipse.equinox.p2.artifact.repository.simpleRepository' version='1'>
  <properties size='2'>
    <property name='p2.timestamp' value='1290008265875'/>
    <property name='p2.compressed' value='false'/>
  </properties>
  <mappings size='3'>
    <rule filter='(&amp; (classifier=osgi.bundle))' output='${repoUrl}/plugins/${id}_${version}.jar'/>
    <rule filter='(&amp; (classifier=binary))' output='${repoUrl}/binary/${id}_${version}'/>
    <rule filter='(&amp; (classifier=org.eclipse.update.feature))' output='${repoUrl}/features/${id}_${version}.jar'/>
  </mappings>
  <artifacts size='11'>
    <artifact classifier='osgi.bundle' id='net.sourceforge.sqlexplorer.sybase' version='3.6.1.v20101117'>
      <properties size='3'>
        <property name='artifact.size' value='25663'/>
        <property name='download.size' value='25663'/>
        <property name='download.md5' value='299d561fed9568812def72534d895782'/>
      </properties>
    </artifact>
    <artifact classifier='osgi.bundle' id='net.sourceforge.sqlexplorer.mssql' version='3.6.1.v20101117'>
      <properties size='3'>
        <property name='artifact.size' value='47881'/>
        <property name='download.size' value='47881'/>
        <property name='download.md5' value='eb71837d0fd73489a5054df81386b4ee'/>
      </properties>
    </artifact>
    <artifact classifier='osgi.bundle' id='net.sourceforge.sqlexplorer.oracle' version='3.6.1.v20101117'>
      <properties size='3'>
        <property name='artifact.size' value='3439257'/>
        <property name='download.size' value='3439257'/>
        <property name='download.md5' value='4cafb65772053142cb64572628124d93'/>
      </properties>
    </artifact>
    <artifact classifier='osgi.bundle' id='net.sourceforge.sqlexplorer.db2' version='3.6.1.v20101117'>
      <properties size='3'>
        <property name='artifact.size' value='67774'/>
        <property name='download.size' value='67774'/>
        <property name='download.md5' value='70d43855d33f4ba7783191246323ea65'/>
      </properties>
    </artifact>
    <artifact classifier='osgi.bundle' id='net.sourceforge.sqlexplorer.help' version='3.6.1.v20101117'>
      <properties size='3'>
        <property name='artifact.size' value='2246234'/>
        <property name='download.size' value='2246234'/>
        <property name='download.md5' value='ef737775dfa9c45fefb8be699818f3d3'/>
      </properties>
    </artifact>
    <artifact classifier='osgi.bundle' id='net.sourceforge.sqlexplorer.postgresql' version='3.6.1.v20101117'>
      <properties size='3'>
        <property name='artifact.size' value='101642'/>
        <property name='download.size' value='101642'/>
        <property name='download.md5' value='70b90662751274d853b683519a1bcbb3'/>
      </properties>
    </artifact>
    <artifact classifier='osgi.bundle' id='net.sourceforge.sqlexplorer.derby' version='3.6.1.v20101117'>
      <properties size='3'>
        <property name='artifact.size' value='11139'/>
        <property name='download.size' value='11139'/>
        <property name='download.md5' value='68e293e52c6db603272ebcce9a1626b1'/>
      </properties>
    </artifact>
    <artifact classifier='osgi.bundle' id='net.sourceforge.sqlexplorer' version='3.6.1.v20101117'>
      <properties size='3'>
        <property name='artifact.size' value='5528828'/>
        <property name='download.size' value='5528828'/>
        <property name='download.md5' value='3fce730925ebef45afa178fd3c0211d4'/>
      </properties>
    </artifact>
    <artifact classifier='org.eclipse.update.feature' id='net.sourceforge.sqlexplorer' version='3.6.1.v20101117'>
      <properties size='4'>
        <property name='artifact.size' value='1793'/>
        <property name='download.size' value='1793'/>
        <property name='download.md5' value='7851bbf467f04d1f20f374c737ecf225'/>
        <property name='download.contentType' value='application/zip'/>
      </properties>
    </artifact>
    <artifact classifier='osgi.bundle' id='net.sourceforge.sqlexplorer.mysql' version='3.6.1.v20101117'>
      <properties size='3'>
        <property name='artifact.size' value='21331'/>
        <property name='download.size' value='21331'/>
        <property name='download.md5' value='33cae1da33da94487197383b24e518b6'/>
      </properties>
    </artifact>
    <artifact classifier='osgi.bundle' id='net.sourceforge.sqlexplorer.dbase' version='3.6.1.v20101117'>
      <properties size='3'>
        <property name='artifact.size' value='2649'/>
        <property name='download.size' value='2649'/>
        <property name='download.md5' value='93b2238bfd7c6ac43e96a685a075c603'/>
      </properties>
    </artifact>
  </artifacts>
</repository>
