<?xml version='1.0' encoding='UTF-8'?>
<?metadataRepository class='org.eclipse.equinox.internal.p2.metadata.repository.LocalMetadataRepository' version='1.0.0'?>
<repository name='SQLExplorer Updates' type='org.eclipse.equinox.internal.p2.metadata.repository.LocalMetadataRepository' version='1.0.0'>
  <properties size='2'>
    <property name='p2.timestamp' value='1255831448515'/>
    <property name='p2.compressed' value='false'/>
  </properties>
  <references size='2'>
    <repository url='http://eclipsesql.sourceforge.net/' type='1' options='0'/>
    <repository url='http://eclipsesql.sourceforge.net/' type='0' options='0'/>
  </references>
  <units size='26'>
    <unit id='net.sourceforge.sqlexplorer.category.SQLExplorer' version='0.0.0.20091018011152'>
      <properties size='3'>
        <property name='org.eclipse.equinox.p2.name' value='SQL Explorer'/>
        <property name='org.eclipse.equinox.p2.description' value='SQL Explorer Plugin'/>
        <property name='org.eclipse.equinox.p2.type.category' value='true'/>
      </properties>
      <provides size='1'>
        <provided namespace='org.eclipse.equinox.p2.iu' name='net.sourceforge.sqlexplorer.category.SQLExplorer' version='0.0.0'/>
      </provides>
      <requires size='1'>
        <required namespace='org.eclipse.equinox.p2.iu' name='net.sourceforge.sqlexplorer.feature.group' range='[3.5.1.v20091018,3.5.1.v20091018]'/>
      </requires>
      <touchpoint id='null' version='0.0.0'/>
    </unit>
    <unit id='net.sourceforge.sqlexplorer.dbase' version='3.5.1.v20091018'>
      <update id='net.sourceforge.sqlexplorer.dbase' range='[0.0.0,3.5.1.v20091018)' severity='0'/>
      <properties size='3'>
        <property name='org.eclipse.equinox.p2.name' value='DBase extension for SQLExplorer'/>
        <property name='org.eclipse.equinox.p2.provider' value='Austin Morgan'/>
        <property name='org.eclipse.equinox.p2.bundle.localization' value='plugin'/>
      </properties>
      <provides size='4'>
        <provided namespace='org.eclipse.equinox.p2.iu' name='net.sourceforge.sqlexplorer.dbase' version='3.5.1.v20091018'/>
        <provided namespace='osgi.bundle' name='net.sourceforge.sqlexplorer.dbase' version='3.5.1.v20091018'/>
        <provided namespace='org.eclipse.equinox.p2.eclipse.type' name='bundle' version='1.0.0'/>
        <provided namespace='osgi.fragment' name='net.sourceforge.sqlexplorer' version='3.5.1.v20091018'/>
      </provides>
      <requires size='1'>
        <required namespace='osgi.bundle' name='net.sourceforge.sqlexplorer' range='3.0.0'/>
      </requires>
      <artifacts size='1'>
        <artifact classifier='osgi.bundle' id='net.sourceforge.sqlexplorer.dbase' version='3.5.1.v20091018'/>
      </artifacts>
      <touchpoint id='org.eclipse.equinox.p2.osgi' version='1.0.0'/>
      <touchpointData size='1'>
        <instructions size='1'>
          <instruction key='manifest'>
            Bundle-ManifestVersion: 2&#xA;Bundle-Name: DBase extension for SQLExplorer&#xA;Bundle-Version: 3.5.1.v20091018&#xA;Fragment-Host: net.sourceforge.sqlexplorer;bundle-version=&quot;3.0.0&quot;&#xA;Bundle-RequiredExecutionEnvironment: J2SE-1.5&#xA;Bundle-SymbolicName: net.sourceforge.sqlexplorer.dbase;singleton:=true&#xA;Bundle-Localization: plugin&#xA;Manifest-Version: 1.0&#xA;Bundle-Vendor: Austin Morgan
          </instruction>
        </instructions>
      </touchpointData>
    </unit>
    <unit id='net.sourceforge.sqlexplorer.derby' version='3.5.1.v20091018'>
      <update id='net.sourceforge.sqlexplorer.derby' range='[0.0.0,3.5.1.v20091018)' severity='0'/>
      <properties size='2'>
        <property name='org.eclipse.equinox.p2.name' value='Sqlexplorer_derby Fragment'/>
        <property name='org.eclipse.equinox.p2.provider' value='ciAnd7'/>
      </properties>
      <provides size='4'>
        <provided namespace='org.eclipse.equinox.p2.iu' name='net.sourceforge.sqlexplorer.derby' version='3.5.1.v20091018'/>
        <provided namespace='osgi.bundle' name='net.sourceforge.sqlexplorer.derby' version='3.5.1.v20091018'/>
        <provided namespace='org.eclipse.equinox.p2.eclipse.type' name='bundle' version='1.0.0'/>
        <provided namespace='osgi.fragment' name='net.sourceforge.sqlexplorer' version='3.5.1.v20091018'/>
      </provides>
      <requires size='1'>
        <required namespace='osgi.bundle' name='net.sourceforge.sqlexplorer' range='3.0.0'/>
      </requires>
      <artifacts size='1'>
        <artifact classifier='osgi.bundle' id='net.sourceforge.sqlexplorer.derby' version='3.5.1.v20091018'/>
      </artifacts>
      <touchpoint id='org.eclipse.equinox.p2.osgi' version='1.0.0'/>
      <touchpointData size='1'>
        <instructions size='1'>
          <instruction key='manifest'>
            Bundle-ManifestVersion: 2&#xA;Bundle-Version: 3.5.1.v20091018&#xA;Manifest-Version: 1.0&#xA;Bundle-SymbolicName: net.sourceforge.sqlexplorer.derby;singleton:=true&#xA;Bundle-Name: Sqlexplorer_derby Fragment&#xA;Fragment-Host: net.sourceforge.sqlexplorer;bundle-version=&quot;3.0.0&quot;&#xA;Bundle-RequiredExecutionEnvironment: J2SE-1.5&#xA;Bundle-Vendor: ciAnd7
          </instruction>
        </instructions>
      </touchpointData>
    </unit>
    <unit id='net.sourceforge.sqlexplorer.mssql' version='3.5.1.v20091018'>
      <update id='net.sourceforge.sqlexplorer.mssql' range='[0.0.0,3.5.1.v20091018)' severity='0'/>
      <properties size='2'>
        <property name='org.eclipse.equinox.p2.name' value='Microsoft SQL Server extensions to SQL Explorer'/>
        <property name='org.eclipse.equinox.p2.provider' value='Austin Morgan'/>
      </properties>
      <provides size='8'>
        <provided namespace='org.eclipse.equinox.p2.iu' name='net.sourceforge.sqlexplorer.mssql' version='3.5.1.v20091018'/>
        <provided namespace='osgi.bundle' name='net.sourceforge.sqlexplorer.mssql' version='3.5.1.v20091018'/>
        <provided namespace='java.package' name='net.sourceforge.sqlexplorer.mssql' version='0.0.0'/>
        <provided namespace='java.package' name='net.sourceforge.sqlexplorer.mssql.actions' version='0.0.0'/>
        <provided namespace='java.package' name='net.sourceforge.sqlexplorer.mssql.nodes' version='0.0.0'/>
        <provided namespace='java.package' name='net.sourceforge.sqlexplorer.mssql.tabs' version='0.0.0'/>
        <provided namespace='org.eclipse.equinox.p2.eclipse.type' name='bundle' version='1.0.0'/>
        <provided namespace='osgi.fragment' name='net.sourceforge.sqlexplorer' version='3.5.1.v20091018'/>
      </provides>
      <requires size='1'>
        <required namespace='osgi.bundle' name='net.sourceforge.sqlexplorer' range='3.5.0'/>
      </requires>
      <artifacts size='1'>
        <artifact classifier='osgi.bundle' id='net.sourceforge.sqlexplorer.mssql' version='3.5.1.v20091018'/>
      </artifacts>
      <touchpoint id='org.eclipse.equinox.p2.osgi' version='1.0.0'/>
      <touchpointData size='1'>
        <instructions size='1'>
          <instruction key='manifest'>
            Bundle-ManifestVersion: 2&#xA;Bundle-Name: Microsoft SQL Server extensions to SQL Explorer&#xA;Bundle-Version: 3.5.1.v20091018&#xA;Fragment-Host: net.sourceforge.sqlexplorer;bundle-version=&quot;3.5.0&quot;&#xA;Export-Package: net.sourceforge.sqlexplorer.mssql,net.sourceforge.sqlexplorer.mssql.actions,net.sourceforge.sqlexplorer.mssql.nodes,net.sourceforge.sqlexplorer.mssql.tabs&#xA;Bundle-RequiredExecutionEnvironment: J2SE-1.5&#xA;Bundle-SymbolicName: net.sourceforge.sqlexplorer.mssql;singleton:=true&#xA;Manifest-Version: 1.0&#xA;Bundle-Vendor: Austin Morgan
          </instruction>
        </instructions>
      </touchpointData>
    </unit>
    <unit id='net.sourceforge.sqlexplorer.help' version='3.5.1.v20091018'>
      <update id='net.sourceforge.sqlexplorer.help' range='[0.0.0,3.5.1.v20091018)' severity='0'/>
      <properties size='2'>
        <property name='org.eclipse.equinox.p2.name' value='SQLExplorer Help'/>
        <property name='org.eclipse.equinox.p2.provider' value='SQL Explorer Project (eclipsesql.sourceforge.net)'/>
      </properties>
      <provides size='3'>
        <provided namespace='org.eclipse.equinox.p2.iu' name='net.sourceforge.sqlexplorer.help' version='3.5.1.v20091018'/>
        <provided namespace='osgi.bundle' name='net.sourceforge.sqlexplorer.help' version='3.5.1.v20091018'/>
        <provided namespace='org.eclipse.equinox.p2.eclipse.type' name='bundle' version='1.0.0'/>
      </provides>
      <requires size='1'>
        <required namespace='osgi.bundle' name='org.eclipse.help' range='0.0.0'/>
      </requires>
      <artifacts size='1'>
        <artifact classifier='osgi.bundle' id='net.sourceforge.sqlexplorer.help' version='3.5.1.v20091018'/>
      </artifacts>
      <touchpoint id='org.eclipse.equinox.p2.osgi' version='1.0.0'/>
      <touchpointData size='1'>
        <instructions size='2'>
          <instruction key='manifest'>
            Bundle-Name: SQLExplorer Help&#xA;Bundle-Version: 3.5.1.v20091018&#xA;Bundle-SymbolicName: net.sourceforge.sqlexplorer.help; singleton:=true&#xA;Manifest-Version: 1.0&#xA;Bundle-ManifestVersion: 2&#xA;Bundle-Vendor: SQL Explorer Project (eclipsesql.sourceforge.net)&#xA;Require-Bundle: org.eclipse.help
          </instruction>
          <instruction key='zipped'>
            true
          </instruction>
        </instructions>
      </touchpointData>
    </unit>
    <unit id='net.sourceforge.sqlexplorer.feature.jar' version='3.5.1.v20091018'>
      <properties size='5'>
        <property name='org.eclipse.equinox.p2.name' value='Eclipse SQL Explorer'/>
        <property name='org.eclipse.equinox.p2.description' value='SQL Explorer is a thin SQL client for querying and exploring&#xA;JDBC Compliant databases.'/>
        <property name='org.eclipse.equinox.p2.description.url' value='http://eclipsesql.sourceforge.net'/>
        <property name='org.eclipse.equinox.p2.provider' value='SQL Explorer Project (eclipsesql.sourceforge.net)'/>
        <property name='org.eclipse.update.feature.plugin' value='net.sourceforge.sqlexplorer'/>
      </properties>
      <provides size='3'>
        <provided namespace='org.eclipse.equinox.p2.iu' name='net.sourceforge.sqlexplorer.feature.jar' version='3.5.1.v20091018'/>
        <provided namespace='org.eclipse.equinox.p2.eclipse.type' name='feature' version='1.0.0'/>
        <provided namespace='org.eclipse.update.feature' name='net.sourceforge.sqlexplorer' version='3.5.1.v20091018'/>
      </provides>
      <filter>
        (org.eclipse.update.install.features=true)
      </filter>
      <artifacts size='1'>
        <artifact classifier='org.eclipse.update.feature' id='net.sourceforge.sqlexplorer' version='3.5.1.v20091018'/>
      </artifacts>
      <touchpoint id='org.eclipse.equinox.p2.osgi' version='1.0.0'/>
      <touchpointData size='1'>
        <instructions size='1'>
          <instruction key='zipped'>
            true
          </instruction>
        </instructions>
      </touchpointData>
      <licenses size='1'>
        <license>
          This program is free software; you can redistribute it and/or&#xA;modify it under the terms of the GNU Lesser General Public&#xA;License as published by the Free Software Foundation; either&#xA;version 2.1 of the License, or (at your option) any later version.&#xA;This library is distributed in the hope that it will be useful,&#xA;but WITHOUT ANY WARRANTY; without even the implied warranty of&#xA;MERCHANTABILITY or FITNESS FOR A PARTICULAR PURPOSE.  See the&#xA;GNU Lesser General Public License for more details.&#xA;You should have received a copy of the GNU Lesser General Public&#xA;License along with this library; if not, write to the Free Software&#xA;Foundation, Inc., 59 Temple Place, Suite 330, Boston, MA  02111-1307&#xA;USA
        </license>
      </licenses>
      <copyright url='http://sourceforge.net/projects/eclipsesql'>
        Copyright (C) 2006 SQL Explorer Development Team&#xA;This program is free software; you can redistribute it and/or&#xA;modify it under the terms of the GNU Lesser General Public&#xA;License as published by the Free Software Foundation; either&#xA;version 2.1 of the License, or (at your option) any later version.&#xA;This library is distributed in the hope that it will be useful,&#xA;but WITHOUT ANY WARRANTY; without even the implied warranty of&#xA;MERCHANTABILITY or FITNESS FOR A PARTICULAR PURPOSE.  See the&#xA;GNU Lesser General Public License for more details.&#xA;You should have received a copy of the GNU Lesser General Public&#xA;License along with this library; if not, write to the Free Software&#xA;Foundation, Inc., 59 Temple Place, Suite 330, Boston, MA  02111-1307&#xA;USA
      </copyright>
    </unit>
    <unit id='net.sourceforge.sqlexplorer.mysql' version='3.5.1.v20091018'>
      <update id='net.sourceforge.sqlexplorer.mysql' range='[0.0.0,3.5.1.v20091018)' severity='0'/>
      <properties size='3'>
        <property name='org.eclipse.equinox.p2.name' value='MySQL extension for SQL Explorer'/>
        <property name='org.eclipse.equinox.p2.provider' value='SQL Explorer Project (eclipsesql.sourceforge.net)'/>
        <property name='org.eclipse.equinox.p2.bundle.localization' value='plugin'/>
      </properties>
      <provides size='4'>
        <provided namespace='org.eclipse.equinox.p2.iu' name='net.sourceforge.sqlexplorer.mysql' version='3.5.1.v20091018'/>
        <provided namespace='osgi.bundle' name='net.sourceforge.sqlexplorer.mysql' version='3.5.1.v20091018'/>
        <provided namespace='org.eclipse.equinox.p2.eclipse.type' name='bundle' version='1.0.0'/>
        <provided namespace='osgi.fragment' name='net.sourceforge.sqlexplorer' version='3.5.1.v20091018'/>
      </provides>
      <requires size='1'>
        <required namespace='osgi.bundle' name='net.sourceforge.sqlexplorer' range='3.5.0'/>
      </requires>
      <artifacts size='1'>
        <artifact classifier='osgi.bundle' id='net.sourceforge.sqlexplorer.mysql' version='3.5.1.v20091018'/>
      </artifacts>
      <touchpoint id='org.eclipse.equinox.p2.osgi' version='1.0.0'/>
      <touchpointData size='1'>
        <instructions size='1'>
          <instruction key='manifest'>
            Bundle-ManifestVersion: 2&#xA;Bundle-Name: MySQL extension for SQL Explorer&#xA;Bundle-Version: 3.5.1.v20091018&#xA;Fragment-Host: net.sourceforge.sqlexplorer;bundle-version=&quot;3.5.0&quot;&#xA;Bundle-RequiredExecutionEnvironment: J2SE-1.5&#xA;Bundle-SymbolicName: net.sourceforge.sqlexplorer.mysql;singleton:=true&#xA;Bundle-Localization: plugin&#xA;Manifest-Version: 1.0&#xA;Bundle-Vendor: SQL Explorer Project (eclipsesql.sourceforge.net)
          </instruction>
        </instructions>
      </touchpointData>
    </unit>
    <unit id='net.sourceforge.sqlexplorer' version='3.5.1.v20091018'>
      <update id='net.sourceforge.sqlexplorer' range='[0.0.0,3.5.1.v20091018)' severity='0'/>
      <properties size='3'>
        <property name='org.eclipse.equinox.p2.name' value='SQLExplorer Plugin'/>
        <property name='org.eclipse.equinox.p2.provider' value='SQL Explorer Project (eclipsesql.sourceforge.net)'/>
        <property name='org.eclipse.equinox.p2.bundle.localization' value='plugin'/>
      </properties>
      <provides size='57'>
        <provided namespace='org.eclipse.equinox.p2.iu' name='net.sourceforge.sqlexplorer' version='3.5.1.v20091018'/>
        <provided namespace='osgi.bundle' name='net.sourceforge.sqlexplorer' version='3.5.1.v20091018'/>
        <provided namespace='java.package' name='net.sourceforge.sqlexplorer' version='0.0.0'/>
        <provided namespace='java.package' name='net.sourceforge.sqlexplorer.connections' version='0.0.0'/>
        <provided namespace='java.package' name='net.sourceforge.sqlexplorer.connections.actions' version='0.0.0'/>
        <provided namespace='java.package' name='net.sourceforge.sqlexplorer.dataset' version='0.0.0'/>
        <provided namespace='java.package' name='net.sourceforge.sqlexplorer.dbdetail' version='0.0.0'/>
        <provided namespace='java.package' name='net.sourceforge.sqlexplorer.dbdetail.tab' version='0.0.0'/>
        <provided namespace='java.package' name='net.sourceforge.sqlexplorer.dbproduct' version='0.0.0'/>
        <provided namespace='java.package' name='net.sourceforge.sqlexplorer.dbstructure' version='0.0.0'/>
        <provided namespace='java.package' name='net.sourceforge.sqlexplorer.dbstructure.actions' version='0.0.0'/>
        <provided namespace='java.package' name='net.sourceforge.sqlexplorer.dbstructure.nodes' version='0.0.0'/>
        <provided namespace='java.package' name='net.sourceforge.sqlexplorer.dialogs' version='0.0.0'/>
        <provided namespace='java.package' name='net.sourceforge.sqlexplorer.history' version='0.0.0'/>
        <provided namespace='java.package' name='net.sourceforge.sqlexplorer.history.actions' version='0.0.0'/>
        <provided namespace='java.package' name='net.sourceforge.sqlexplorer.parsers' version='0.0.0'/>
        <provided namespace='java.package' name='net.sourceforge.sqlexplorer.parsers.scp' version='0.0.0'/>
        <provided namespace='java.package' name='net.sourceforge.sqlexplorer.plugin' version='0.0.0'/>
        <provided namespace='java.package' name='net.sourceforge.sqlexplorer.plugin.actions' version='0.0.0'/>
        <provided namespace='java.package' name='net.sourceforge.sqlexplorer.plugin.editors' version='0.0.0'/>
        <provided namespace='java.package' name='net.sourceforge.sqlexplorer.plugin.perspectives' version='0.0.0'/>
        <provided namespace='java.package' name='net.sourceforge.sqlexplorer.plugin.views' version='0.0.0'/>
        <provided namespace='java.package' name='net.sourceforge.sqlexplorer.plugin.wizards' version='0.0.0'/>
        <provided namespace='java.package' name='net.sourceforge.sqlexplorer.preferences' version='0.0.0'/>
        <provided namespace='java.package' name='net.sourceforge.sqlexplorer.preview' version='0.0.0'/>
        <provided namespace='java.package' name='net.sourceforge.sqlexplorer.sessiontree.actions' version='0.0.0'/>
        <provided namespace='java.package' name='net.sourceforge.sqlexplorer.sessiontree.model.utility' version='0.0.0'/>
        <provided namespace='java.package' name='net.sourceforge.sqlexplorer.sqleditor' version='0.0.0'/>
        <provided namespace='java.package' name='net.sourceforge.sqlexplorer.sqleditor.actions' version='0.0.0'/>
        <provided namespace='java.package' name='net.sourceforge.sqlexplorer.sqleditor.results.actions' version='0.0.0'/>
        <provided namespace='java.package' name='net.sourceforge.sqlexplorer.sqlpanel' version='0.0.0'/>
        <provided namespace='java.package' name='net.sourceforge.sqlexplorer.sqlpanel.actions' version='0.0.0'/>
        <provided namespace='java.package' name='net.sourceforge.sqlexplorer.util' version='0.0.0'/>
        <provided namespace='java.package' name='net.sourceforge.squirrel_sql.fw.codereformat' version='0.0.0'/>
        <provided namespace='java.package' name='net.sourceforge.squirrel_sql.fw.completion' version='0.0.0'/>
        <provided namespace='java.package' name='net.sourceforge.squirrel_sql.fw.completion.util' version='0.0.0'/>
        <provided namespace='java.package' name='net.sourceforge.squirrel_sql.fw.datasetviewer' version='0.0.0'/>
        <provided namespace='java.package' name='net.sourceforge.squirrel_sql.fw.datasetviewer.cellcomponent' version='0.0.0'/>
        <provided namespace='java.package' name='net.sourceforge.squirrel_sql.fw.dialects' version='0.0.0'/>
        <provided namespace='java.package' name='net.sourceforge.squirrel_sql.fw.gui' version='0.0.0'/>
        <provided namespace='java.package' name='net.sourceforge.squirrel_sql.fw.gui.action' version='0.0.0'/>
        <provided namespace='java.package' name='net.sourceforge.squirrel_sql.fw.gui.image' version='0.0.0'/>
        <provided namespace='java.package' name='net.sourceforge.squirrel_sql.fw.id' version='0.0.0'/>
        <provided namespace='java.package' name='net.sourceforge.squirrel_sql.fw.persist' version='0.0.0'/>
        <provided namespace='java.package' name='net.sourceforge.squirrel_sql.fw.preferences' version='0.0.0'/>
        <provided namespace='java.package' name='net.sourceforge.squirrel_sql.fw.resources' version='0.0.0'/>
        <provided namespace='java.package' name='net.sourceforge.squirrel_sql.fw.resources.images.eclipse' version='0.0.0'/>
        <provided namespace='java.package' name='net.sourceforge.squirrel_sql.fw.resources.images.gnome' version='0.0.0'/>
        <provided namespace='java.package' name='net.sourceforge.squirrel_sql.fw.sql' version='0.0.0'/>
        <provided namespace='java.package' name='net.sourceforge.squirrel_sql.fw.sql.dbobj' version='0.0.0'/>
        <provided namespace='java.package' name='net.sourceforge.squirrel_sql.fw.sql.dbobj.adapter' version='0.0.0'/>
        <provided namespace='java.package' name='net.sourceforge.squirrel_sql.fw.util' version='0.0.0'/>
        <provided namespace='java.package' name='net.sourceforge.squirrel_sql.fw.util.beanwrapper' version='0.0.0'/>
        <provided namespace='java.package' name='net.sourceforge.squirrel_sql.fw.util.log' version='0.0.0'/>
        <provided namespace='java.package' name='net.sourceforge.squirrel_sql.fw.xml' version='0.0.0'/>
        <provided namespace='java.package' name='org.eclipse.jface.preference' version='0.0.0'/>
        <provided namespace='org.eclipse.equinox.p2.eclipse.type' name='bundle' version='1.0.0'/>
      </provides>
      <requires size='7'>
        <required namespace='osgi.bundle' name='org.eclipse.ui' range='3.2.0'/>
        <required namespace='osgi.bundle' name='org.eclipse.core.runtime' range='3.2.0'/>
        <required namespace='osgi.bundle' name='org.eclipse.core.resources' range='3.2.0'/>
        <required namespace='osgi.bundle' name='org.eclipse.ui.ide' range='3.2.0'/>
        <required namespace='osgi.bundle' name='org.eclipse.ui.workbench.texteditor' range='3.2.0'/>
        <required namespace='osgi.bundle' name='org.eclipse.jface.text' range='3.2.0'/>
        <required namespace='osgi.bundle' name='org.eclipse.ui.editors' range='3.2.0'/>
      </requires>
      <artifacts size='1'>
        <artifact classifier='osgi.bundle' id='net.sourceforge.sqlexplorer' version='3.5.1.v20091018'/>
      </artifacts>
      <touchpoint id='org.eclipse.equinox.p2.osgi' version='1.0.0'/>
      <touchpointData size='1'>
        <instructions size='2'>
          <instruction key='manifest'>
            Bundle-Name: SQLExplorer Plugin&#xA;Bundle-ClassPath: sqlexplorer.jar,lib/log4j.jar,lib/rowset.jar,lib/dom4j.jar,lib/fw.jar,lib/hibernate3.2.4.sp1.jar,lib/poi-3.5-FINAL-20090928.jar,lib/commons-logging.jar&#xA;Bundle-Version: 3.5.1.v20091018&#xA;Eclipse-LazyStart: true&#xA;Bundle-Activator: net.sourceforge.sqlexplorer.plugin.SQLExplorerPlugin&#xA;Bundle-Vendor: SQL Explorer Project (eclipsesql.sourceforge.net)&#xA;Require-Bundle: org.eclipse.ui;bundle-version=&quot;3.2.0&quot;,org.eclipse.core.runtime;bundle-version=&quot;3.2.0&quot;,org.eclipse.core.resources;bundle-version=&quot;3.2.0&quot;,org.eclipse.ui.ide;bundle-version=&quot;3.2.0&quot;,org.eclipse.ui.workbench.texteditor;bundle-version=&quot;3.2.0&quot;,org.eclipse.jface.text;bundle-version=&quot;3.2.0&quot;,org.eclipse.ui.editors;bundle-version=&quot;3.2.0&quot;&#xA;Export-Package: net.sourceforge.sqlexplorer,net.sourceforge.sqlexplorer.connections,net.sourceforge.sqlexplorer.connections.actions,net.sourceforge.sqlexplorer.dataset,net.sourceforge.sqlexplorer.dbdetail,net.sourceforge.sqlexplorer.dbdetail.tab,net.sourceforge.sqlexplorer.dbproduct,net.sourceforge.sqlexplorer.dbstructure,net.sourceforge.sqlexplorer.dbstructure.actions,net.sourceforge.sqlexplorer.dbstructure.nodes,net.sourceforge.sqlexplorer.dialogs,net.sourceforge.sqlexplorer.history,net.sourceforge.sqlexplorer.history.actions,net.sourceforge.sqlexplorer.parsers,net.sourceforge.sqlexplorer.parsers.scp,net.sourceforge.sqlexplorer.plugin,net.sourceforge.sqlexplorer.plugin.actions,net.sourceforge.sqlexplorer.plugin.editors,net.sourceforge.sqlexplorer.plugin.perspectives,net.sourceforge.sqlexplorer.plugin.views,net.sourceforge.sqlexplorer.plugin.wizards,net.sourceforge.sqlexplorer.preferences,net.sourceforge.sqlexplorer.preview,net.sourceforge.sqlexplorer.sessiontree.actions,net.sourceforge.sqlexplorer.sessiontree.model.utility,net.sourceforge.sqlexplorer.sqleditor,net.sourceforge.sqlexplorer.sqleditor.actions,net.sourceforge.sqlexplorer.sqleditor.results.actions,net.sourceforge.sqlexplorer.sqlpanel,net.sourceforge.sqlexplorer.sqlpanel.actions,net.sourceforge.sqlexplorer.util,net.sourceforge.squirrel_sql.fw.codereformat,net.sourceforge.squirrel_sql.fw.completion,net.sourceforge.squirrel_sql.fw.completion.util,net.sourceforge.squirrel_sql.fw.datasetviewer,net.sourceforge.squirrel_sql.fw.datasetviewer.cellcomponent,net.sourceforge.squirrel_sql.fw.dialects,net.sourceforge.squirrel_sql.fw.gui,net.sourceforge.squirrel_sql.fw.gui.action,net.sourceforge.squirrel_sql.fw.gui.image,net.sourceforge.squirrel_sql.fw.id,net.sourceforge.squirrel_sql.fw.persist,net.sourceforge.squirrel_sql.fw.preferences,net.sourceforge.squirrel_sql.fw.resources,net.sourceforge.squirrel_sql.fw.resources.images.eclipse,net.sourceforge.squirrel_sql.fw.resources.images.gnome,net.sourceforge.squirrel_sql.fw.sql,net.sourceforge.squirrel_sql.fw.sql.dbobj,net.sourceforge.squirrel_sql.fw.sql.dbobj.adapter,net.sourceforge.squirrel_sql.fw.util,net.sourceforge.squirrel_sql.fw.util.beanwrapper,net.sourceforge.squirrel_sql.fw.util.log,net.sourceforge.squirrel_sql.fw.xml,org.eclipse.jface.preference&#xA;Bundle-SymbolicName: net.sourceforge.sqlexplorer; singleton:=true&#xA;Manifest-Version: 1.0&#xA;Bundle-ActivationPolicy: lazy&#xA;Bundle-ManifestVersion: 2&#xA;Bundle-RequiredExecutionEnvironment: J2SE-1.5&#xA;Bundle-Localization: plugin
          </instruction>
          <instruction key='zipped'>
            true
          </instruction>
        </instructions>
      </touchpointData>
    </unit>
    <unit id='net.sourceforge.sqlexplorer.feature.group' version='3.5.1.v20091018' singleton='false'>
      <update id='net.sourceforge.sqlexplorer.feature.group' range='[0.0.0,3.5.1.v20091018)' severity='0'/>
      <properties size='5'>
        <property name='org.eclipse.equinox.p2.name' value='Eclipse SQL Explorer'/>
        <property name='org.eclipse.equinox.p2.description' value='SQL Explorer is a thin SQL client for querying and exploring&#xA;JDBC Compliant databases.'/>
        <property name='org.eclipse.equinox.p2.description.url' value='http://eclipsesql.sourceforge.net'/>
        <property name='org.eclipse.equinox.p2.provider' value='SQL Explorer Project (eclipsesql.sourceforge.net)'/>
        <property name='org.eclipse.equinox.p2.type.group' value='true'/>
      </properties>
      <provides size='1'>
        <provided namespace='org.eclipse.equinox.p2.iu' name='net.sourceforge.sqlexplorer.feature.group' version='3.5.1.v20091018'/>
      </provides>
      <requires size='18'>
        <required namespace='org.eclipse.equinox.p2.iu' name='org.eclipse.ui' range='3.2.0'/>
        <required namespace='org.eclipse.equinox.p2.iu' name='org.eclipse.core.runtime' range='3.2.0'/>
        <required namespace='org.eclipse.equinox.p2.iu' name='org.eclipse.core.resources' range='3.2.0'/>
        <required namespace='org.eclipse.equinox.p2.iu' name='org.eclipse.ui.ide' range='3.2.0'/>
        <required namespace='org.eclipse.equinox.p2.iu' name='org.eclipse.ui.workbench.texteditor' range='3.2.0'/>
        <required namespace='org.eclipse.equinox.p2.iu' name='org.eclipse.jface.text' range='3.2.0'/>
        <required namespace='org.eclipse.equinox.p2.iu' name='org.eclipse.ui.editors' range='3.2.0'/>
        <required namespace='org.eclipse.equinox.p2.iu' name='net.sourceforge.sqlexplorer' range='[3.5.1.v20091018,3.5.1.v20091018]'/>
        <required namespace='org.eclipse.equinox.p2.iu' name='net.sourceforge.sqlexplorer.db2' range='[3.5.1.v20091018,3.5.1.v20091018]'/>
        <required namespace='org.eclipse.equinox.p2.iu' name='net.sourceforge.sqlexplorer.oracle' range='[3.5.1.v20091018,3.5.1.v20091018]'/>
        <required namespace='org.eclipse.equinox.p2.iu' name='net.sourceforge.sqlexplorer.mysql' range='[3.5.1.v20091018,3.5.1.v20091018]'/>
        <required namespace='org.eclipse.equinox.p2.iu' name='net.sourceforge.sqlexplorer.postgresql' range='[3.5.1.v20091018,3.5.1.v20091018]'/>
        <required namespace='org.eclipse.equinox.p2.iu' name='net.sourceforge.sqlexplorer.help' range='[3.5.1.v20091018,3.5.1.v20091018]'/>
        <required namespace='org.eclipse.equinox.p2.iu' name='net.sourceforge.sqlexplorer.dbase' range='[3.5.1.v20091018,3.5.1.v20091018]'/>
        <required namespace='org.eclipse.equinox.p2.iu' name='net.sourceforge.sqlexplorer.mssql' range='[3.5.1.v20091018,3.5.1.v20091018]'/>
        <required namespace='org.eclipse.equinox.p2.iu' name='net.sourceforge.sqlexplorer.sybase' range='[3.5.1.v20091018,3.5.1.v20091018]'/>
        <required namespace='org.eclipse.equinox.p2.iu' name='net.sourceforge.sqlexplorer.derby' range='[3.5.1.v20091018,3.5.1.v20091018]'/>
        <required namespace='org.eclipse.equinox.p2.iu' name='net.sourceforge.sqlexplorer.feature.jar' range='[3.5.1.v20091018,3.5.1.v20091018]'>
          <filter>
            (org.eclipse.update.install.features=true)
          </filter>
        </required>
      </requires>
      <touchpoint id='null' version='0.0.0'/>
      <licenses size='1'>
        <license>
          This program is free software; you can redistribute it and/or&#xA;modify it under the terms of the GNU Lesser General Public&#xA;License as published by the Free Software Foundation; either&#xA;version 2.1 of the License, or (at your option) any later version.&#xA;This library is distributed in the hope that it will be useful,&#xA;but WITHOUT ANY WARRANTY; without even the implied warranty of&#xA;MERCHANTABILITY or FITNESS FOR A PARTICULAR PURPOSE.  See the&#xA;GNU Lesser General Public License for more details.&#xA;You should have received a copy of the GNU Lesser General Public&#xA;License along with this library; if not, write to the Free Software&#xA;Foundation, Inc., 59 Temple Place, Suite 330, Boston, MA  02111-1307&#xA;USA
        </license>
      </licenses>
      <copyright url='http://sourceforge.net/projects/eclipsesql'>
        Copyright (C) 2006 SQL Explorer Development Team&#xA;This program is free software; you can redistribute it and/or&#xA;modify it under the terms of the GNU Lesser General Public&#xA;License as published by the Free Software Foundation; either&#xA;version 2.1 of the License, or (at your option) any later version.&#xA;This library is distributed in the hope that it will be useful,&#xA;but WITHOUT ANY WARRANTY; without even the implied warranty of&#xA;MERCHANTABILITY or FITNESS FOR A PARTICULAR PURPOSE.  See the&#xA;GNU Lesser General Public License for more details.&#xA;You should have received a copy of the GNU Lesser General Public&#xA;License along with this library; if not, write to the Free Software&#xA;Foundation, Inc., 59 Temple Place, Suite 330, Boston, MA  02111-1307&#xA;USA
      </copyright>
    </unit>
    <unit id='net.sourceforge.sqlexplorer.sybase' version='3.5.1.v20091018'>
      <update id='net.sourceforge.sqlexplorer.sybase' range='[0.0.0,3.5.1.v20091018)' severity='0'/>
      <properties size='3'>
        <property name='org.eclipse.equinox.p2.name' value='Sybase Extension to SQLExplorer'/>
        <property name='org.eclipse.equinox.p2.provider' value='SQL Explorer Project (eclipsesql.sourceforge.net)'/>
        <property name='org.eclipse.equinox.p2.bundle.localization' value='plugin'/>
      </properties>
      <provides size='4'>
        <provided namespace='org.eclipse.equinox.p2.iu' name='net.sourceforge.sqlexplorer.sybase' version='3.5.1.v20091018'/>
        <provided namespace='osgi.bundle' name='net.sourceforge.sqlexplorer.sybase' version='3.5.1.v20091018'/>
        <provided namespace='org.eclipse.equinox.p2.eclipse.type' name='bundle' version='1.0.0'/>
        <provided namespace='osgi.fragment' name='net.sourceforge.sqlexplorer' version='3.5.1.v20091018'/>
      </provides>
      <requires size='1'>
        <required namespace='osgi.bundle' name='net.sourceforge.sqlexplorer' range='3.0.0.20060829'/>
      </requires>
      <artifacts size='1'>
        <artifact classifier='osgi.bundle' id='net.sourceforge.sqlexplorer.sybase' version='3.5.1.v20091018'/>
      </artifacts>
      <touchpoint id='org.eclipse.equinox.p2.osgi' version='1.0.0'/>
      <touchpointData size='1'>
        <instructions size='1'>
          <instruction key='manifest'>
            Bundle-ManifestVersion: 2&#xA;Bundle-Name: Sybase Extension to SQLExplorer&#xA;Bundle-Version: 3.5.1.v20091018&#xA;Fragment-Host: net.sourceforge.sqlexplorer;bundle-version=&quot;3.0.0.20060829&quot;&#xA;Bundle-RequiredExecutionEnvironment: J2SE-1.5&#xA;Bundle-SymbolicName: net.sourceforge.sqlexplorer.sybase;singleton:=true&#xA;Bundle-Localization: plugin&#xA;Manifest-Version: 1.0&#xA;Bundle-Vendor: SQL Explorer Project (eclipsesql.sourceforge.net)
          </instruction>
        </instructions>
      </touchpointData>
    </unit>
    <unit id='net.sourceforge.sqlexplorer.postgresql' version='3.5.1.v20091018'>
      <update id='net.sourceforge.sqlexplorer.postgresql' range='[0.0.0,3.5.1.v20091018)' severity='0'/>
      <properties size='3'>
        <property name='org.eclipse.equinox.p2.name' value='PostgesSQL Support for SqlExplorer'/>
        <property name='org.eclipse.equinox.p2.provider' value='SQL Explorer Project (eclipsesql.sourceforge.net)'/>
        <property name='org.eclipse.equinox.p2.bundle.localization' value='plugin'/>
      </properties>
      <provides size='4'>
        <provided namespace='org.eclipse.equinox.p2.iu' name='net.sourceforge.sqlexplorer.postgresql' version='3.5.1.v20091018'/>
        <provided namespace='osgi.bundle' name='net.sourceforge.sqlexplorer.postgresql' version='3.5.1.v20091018'/>
        <provided namespace='org.eclipse.equinox.p2.eclipse.type' name='bundle' version='1.0.0'/>
        <provided namespace='osgi.fragment' name='net.sourceforge.sqlexplorer' version='3.5.1.v20091018'/>
      </provides>
      <requires size='1'>
        <required namespace='osgi.bundle' name='net.sourceforge.sqlexplorer' range='3.5.0'/>
      </requires>
      <artifacts size='1'>
        <artifact classifier='osgi.bundle' id='net.sourceforge.sqlexplorer.postgresql' version='3.5.1.v20091018'/>
      </artifacts>
      <touchpoint id='org.eclipse.equinox.p2.osgi' version='1.0.0'/>
      <touchpointData size='1'>
        <instructions size='1'>
          <instruction key='manifest'>
            Bundle-ManifestVersion: 2&#xA;Bundle-Name: PostgesSQL Support for SqlExplorer&#xA;Bundle-Version: 3.5.1.v20091018&#xA;Fragment-Host: net.sourceforge.sqlexplorer;bundle-version=&quot;3.5.0&quot;&#xA;Bundle-RequiredExecutionEnvironment: J2SE-1.5&#xA;Bundle-SymbolicName: net.sourceforge.sqlexplorer.postgresql;singleton:=true&#xA;Bundle-Localization: plugin&#xA;Manifest-Version: 1.0&#xA;Bundle-Vendor: SQL Explorer Project (eclipsesql.sourceforge.net)
          </instruction>
        </instructions>
      </touchpointData>
    </unit>
    <unit id='net.sourceforge.sqlexplorer.oracle' version='3.5.1.v20091018'>
      <update id='net.sourceforge.sqlexplorer.oracle' range='[0.0.0,3.5.1.v20091018)' severity='0'/>
      <properties size='3'>
        <property name='org.eclipse.equinox.p2.name' value='SQLExplorer Oracle Extension'/>
        <property name='org.eclipse.equinox.p2.provider' value='SQL Explorer Project (eclipsesql.sourceforge.net)'/>
        <property name='org.eclipse.equinox.p2.bundle.localization' value='plugin'/>
      </properties>
      <provides size='4'>
        <provided namespace='org.eclipse.equinox.p2.iu' name='net.sourceforge.sqlexplorer.oracle' version='3.5.1.v20091018'/>
        <provided namespace='osgi.bundle' name='net.sourceforge.sqlexplorer.oracle' version='3.5.1.v20091018'/>
        <provided namespace='org.eclipse.equinox.p2.eclipse.type' name='bundle' version='1.0.0'/>
        <provided namespace='osgi.fragment' name='net.sourceforge.sqlexplorer' version='3.5.1.v20091018'/>
      </provides>
      <requires size='1'>
        <required namespace='osgi.bundle' name='net.sourceforge.sqlexplorer' range='3.5.0'/>
      </requires>
      <artifacts size='1'>
        <artifact classifier='osgi.bundle' id='net.sourceforge.sqlexplorer.oracle' version='3.5.1.v20091018'/>
      </artifacts>
      <touchpoint id='org.eclipse.equinox.p2.osgi' version='1.0.0'/>
      <touchpointData size='1'>
        <instructions size='1'>
          <instruction key='manifest'>
            Bundle-ManifestVersion: 2&#xA;Fragment-Host: net.sourceforge.sqlexplorer;bundle-version=&quot;3.5.0&quot;&#xA;Bundle-RequiredExecutionEnvironment: J2SE-1.5&#xA;Manifest-Version: 1.0&#xA;Bundle-Version: 3.5.1.v20091018&#xA;Bundle-SymbolicName: net.sourceforge.sqlexplorer.oracle;singleton:=true&#xA;Bundle-Localization: plugin&#xA;Bundle-Name: SQLExplorer Oracle Extension&#xA;Bundle-ClassPath: lib/xdb.jar,.,lib/xml.jar,lib/xmlparserv2.jar,lib/xsu12.jar,lib/ojdbc14.jar&#xA;Bundle-Vendor: SQL Explorer Project (eclipsesql.sourceforge.net)
          </instruction>
        </instructions>
      </touchpointData>
    </unit>
    <unit id='net.sourceforge.sqlexplorer.db2' version='3.5.1.v20091018'>
      <update id='net.sourceforge.sqlexplorer.db2' range='[0.0.0,3.5.1.v20091018)' severity='0'/>
      <properties size='3'>
        <property name='org.eclipse.equinox.p2.name' value='DB2 extension for SQL Explorer'/>
        <property name='org.eclipse.equinox.p2.provider' value='SQL Explorer Project (eclipsesql.sourceforge.net)'/>
        <property name='org.eclipse.equinox.p2.bundle.localization' value='plugin'/>
      </properties>
      <provides size='4'>
        <provided namespace='org.eclipse.equinox.p2.iu' name='net.sourceforge.sqlexplorer.db2' version='3.5.1.v20091018'/>
        <provided namespace='osgi.bundle' name='net.sourceforge.sqlexplorer.db2' version='3.5.1.v20091018'/>
        <provided namespace='org.eclipse.equinox.p2.eclipse.type' name='bundle' version='1.0.0'/>
        <provided namespace='osgi.fragment' name='net.sourceforge.sqlexplorer' version='3.5.1.v20091018'/>
      </provides>
      <requires size='1'>
        <required namespace='osgi.bundle' name='net.sourceforge.sqlexplorer' range='3.5.0'/>
      </requires>
      <artifacts size='1'>
        <artifact classifier='osgi.bundle' id='net.sourceforge.sqlexplorer.db2' version='3.5.1.v20091018'/>
      </artifacts>
      <touchpoint id='org.eclipse.equinox.p2.osgi' version='1.0.0'/>
      <touchpointData size='1'>
        <instructions size='1'>
          <instruction key='manifest'>
            Bundle-ManifestVersion: 2&#xA;Fragment-Host: net.sourceforge.sqlexplorer;bundle-version=&quot;3.5.0&quot;&#xA;Bundle-RequiredExecutionEnvironment: J2SE-1.5&#xA;Manifest-Version: 1.0&#xA;Bundle-Version: 3.5.1.v20091018&#xA;Bundle-SymbolicName: net.sourceforge.sqlexplorer.db2;singleton:=true&#xA;Bundle-Localization: plugin&#xA;Bundle-Name: DB2 extension for SQL Explorer&#xA;Bundle-ClassPath: .,lib/commons-logging.jar&#xA;Bundle-Vendor: SQL Explorer Project (eclipsesql.sourceforge.net)
          </instruction>
        </instructions>
      </touchpointData>
    </unit>
    <unit id='tooling.osgi.bundle.default' version='1.0.0' singleton='false'>
      <hostRequirements size='1'>
        <required namespace='org.eclipse.equinox.p2.eclipse.type' name='bundle' range='0.0.0' multiple='true' greedy='false'/>
      </hostRequirements>
      <properties size='1'>
        <property name='org.eclipse.equinox.p2.type.fragment' value='true'/>
      </properties>
      <provides size='2'>
        <provided namespace='org.eclipse.equinox.p2.iu' name='tooling.osgi.bundle.default' version='1.0.0'/>
        <provided namespace='org.eclipse.equinox.p2.flavor' name='tooling' version='1.0.0'/>
      </provides>
      <requires size='1'>
        <required namespace='org.eclipse.equinox.p2.eclipse.type' name='bundle' range='0.0.0' multiple='true' greedy='false'/>
      </requires>
      <touchpoint id='null' version='0.0.0'/>
      <touchpointData size='1'>
        <instructions size='4'>
          <instruction key='uninstall'>
            uninstallBundle(bundle:${artifact})
          </instruction>
          <instruction key='configure'>
            setStartLevel(startLevel:4);
          </instruction>
          <instruction key='install'>
            installBundle(bundle:${artifact})
          </instruction>
          <instruction key='unconfigure'>

          </instruction>
        </instructions>
      </touchpointData>
    </unit>
    <unit id='net.sourceforge.sqlexplorer.postgresql.translated_host_properties' version='3.5.1.v20091018'>
      <hostRequirements size='1'>
        <required namespace='org.eclipse.equinox.p2.iu' name='net.sourceforge.sqlexplorer' range='3.5.0' greedy='false'/>
      </hostRequirements>
      <properties size='1'>
        <property name='org.eclipse.equinox.p2.type.fragment' value='true'/>
      </properties>
      <requires size='1'>
        <required namespace='org.eclipse.equinox.p2.iu' name='net.sourceforge.sqlexplorer' range='3.5.0' greedy='false'/>
      </requires>
      <touchpoint id='null' version='0.0.0'/>
    </unit>
    <unit id='net.sourceforge.sqlexplorer.dbase.translated_host_properties' version='3.5.1.v20091018'>
      <hostRequirements size='1'>
        <required namespace='org.eclipse.equinox.p2.iu' name='net.sourceforge.sqlexplorer' range='3.0.0' greedy='false'/>
      </hostRequirements>
      <properties size='1'>
        <property name='org.eclipse.equinox.p2.type.fragment' value='true'/>
      </properties>
      <requires size='1'>
        <required namespace='org.eclipse.equinox.p2.iu' name='net.sourceforge.sqlexplorer' range='3.0.0' greedy='false'/>
      </requires>
      <touchpoint id='null' version='0.0.0'/>
    </unit>
    <unit id='tooling.org.eclipse.update.feature.default' version='1.0.0' singleton='false'>
      <hostRequirements size='1'>
        <required namespace='org.eclipse.equinox.p2.eclipse.type' name='feature' range='0.0.0' optional='true' multiple='true' greedy='false'/>
      </hostRequirements>
      <properties size='1'>
        <property name='org.eclipse.equinox.p2.type.fragment' value='true'/>
      </properties>
      <provides size='2'>
        <provided namespace='org.eclipse.equinox.p2.iu' name='tooling.org.eclipse.update.feature.default' version='1.0.0'/>
        <provided namespace='org.eclipse.equinox.p2.flavor' name='tooling' version='1.0.0'/>
      </provides>
      <requires size='1'>
        <required namespace='org.eclipse.equinox.p2.eclipse.type' name='feature' range='0.0.0' optional='true' multiple='true' greedy='false'/>
      </requires>
      <filter>
        (org.eclipse.update.install.features=true)
      </filter>
      <touchpoint id='null' version='0.0.0'/>
      <touchpointData size='1'>
        <instructions size='2'>
          <instruction key='uninstall'>
            uninstallFeature(feature:${artifact},featureId:default,featureVersion:default)
          </instruction>
          <instruction key='install'>
            installFeature(feature:${artifact},featureId:default,featureVersion:default)
          </instruction>
        </instructions>
      </touchpointData>
    </unit>
    <unit id='net.sourceforge.sqlexplorer.oracle.translated_host_properties' version='3.5.1.v20091018'>
      <hostRequirements size='1'>
        <required namespace='org.eclipse.equinox.p2.iu' name='net.sourceforge.sqlexplorer' range='3.5.0' greedy='false'/>
      </hostRequirements>
      <properties size='1'>
        <property name='org.eclipse.equinox.p2.type.fragment' value='true'/>
      </properties>
      <requires size='1'>
        <required namespace='org.eclipse.equinox.p2.iu' name='net.sourceforge.sqlexplorer' range='3.5.0' greedy='false'/>
      </requires>
      <touchpoint id='null' version='0.0.0'/>
    </unit>
    <unit id='config.a.jre' version='1.6.0' singleton='false'>
      <hostRequirements size='1'>
        <required namespace='org.eclipse.equinox.p2.iu' name='a.jre' range='1.6.0'/>
      </hostRequirements>
      <properties size='1'>
        <property name='org.eclipse.equinox.p2.type.fragment' value='true'/>
      </properties>
      <provides size='1'>
        <provided namespace='org.eclipse.equinox.p2.iu' name='config.a.jre' version='1.6.0'/>
      </provides>
      <requires size='1'>
        <required namespace='org.eclipse.equinox.p2.iu' name='a.jre' range='1.6.0'/>
      </requires>
      <touchpoint id='org.eclipse.equinox.p2.native' version='1.0.0'/>
      <touchpointData size='1'>
        <instructions size='1'>
          <instruction key='install'>

          </instruction>
        </instructions>
      </touchpointData>
    </unit>
    <unit id='net.sourceforge.sqlexplorer.derby.translated_host_properties' version='3.5.1.v20091018'>
      <hostRequirements size='1'>
        <required namespace='org.eclipse.equinox.p2.iu' name='net.sourceforge.sqlexplorer' range='3.0.0' greedy='false'/>
      </hostRequirements>
      <properties size='1'>
        <property name='org.eclipse.equinox.p2.type.fragment' value='true'/>
      </properties>
      <requires size='1'>
        <required namespace='org.eclipse.equinox.p2.iu' name='net.sourceforge.sqlexplorer' range='3.0.0' greedy='false'/>
      </requires>
      <touchpoint id='null' version='0.0.0'/>
    </unit>
    <unit id='net.sourceforge.sqlexplorer.sybase.translated_host_properties' version='3.5.1.v20091018'>
      <hostRequirements size='1'>
        <required namespace='org.eclipse.equinox.p2.iu' name='net.sourceforge.sqlexplorer' range='3.0.0.20060829' greedy='false'/>
      </hostRequirements>
      <properties size='1'>
        <property name='org.eclipse.equinox.p2.type.fragment' value='true'/>
      </properties>
      <requires size='1'>
        <required namespace='org.eclipse.equinox.p2.iu' name='net.sourceforge.sqlexplorer' range='3.0.0.20060829' greedy='false'/>
      </requires>
      <touchpoint id='null' version='0.0.0'/>
    </unit>
    <unit id='net.sourceforge.sqlexplorer.mysql.translated_host_properties' version='3.5.1.v20091018'>
      <hostRequirements size='1'>
        <required namespace='org.eclipse.equinox.p2.iu' name='net.sourceforge.sqlexplorer' range='3.5.0' greedy='false'/>
      </hostRequirements>
      <properties size='1'>
        <property name='org.eclipse.equinox.p2.type.fragment' value='true'/>
      </properties>
      <requires size='1'>
        <required namespace='org.eclipse.equinox.p2.iu' name='net.sourceforge.sqlexplorer' range='3.5.0' greedy='false'/>
      </requires>
      <touchpoint id='null' version='0.0.0'/>
    </unit>
    <unit id='a.jre' version='1.6.0' singleton='false'>
      <provides size='117'>
        <provided namespace='org.eclipse.equinox.p2.iu' name='a.jre' version='1.6.0'/>
        <provided namespace='java.package' name='javax.accessibility' version='0.0.0'/>
        <provided namespace='java.package' name='javax.activity' version='0.0.0'/>
        <provided namespace='java.package' name='javax.crypto' version='0.0.0'/>
        <provided namespace='java.package' name='javax.crypto.interfaces' version='0.0.0'/>
        <provided namespace='java.package' name='javax.crypto.spec' version='0.0.0'/>
        <provided namespace='java.package' name='javax.imageio' version='0.0.0'/>
        <provided namespace='java.package' name='javax.imageio.event' version='0.0.0'/>
        <provided namespace='java.package' name='javax.imageio.metadata' version='0.0.0'/>
        <provided namespace='java.package' name='javax.imageio.plugins.bmp' version='0.0.0'/>
        <provided namespace='java.package' name='javax.imageio.plugins.jpeg' version='0.0.0'/>
        <provided namespace='java.package' name='javax.imageio.spi' version='0.0.0'/>
        <provided namespace='java.package' name='javax.imageio.stream' version='0.0.0'/>
        <provided namespace='java.package' name='javax.management' version='0.0.0'/>
        <provided namespace='java.package' name='javax.management.loading' version='0.0.0'/>
        <provided namespace='java.package' name='javax.management.modelmbean' version='0.0.0'/>
        <provided namespace='java.package' name='javax.management.monitor' version='0.0.0'/>
        <provided namespace='java.package' name='javax.management.openmbean' version='0.0.0'/>
        <provided namespace='java.package' name='javax.management.relation' version='0.0.0'/>
        <provided namespace='java.package' name='javax.management.remote' version='0.0.0'/>
        <provided namespace='java.package' name='javax.management.remote.rmi' version='0.0.0'/>
        <provided namespace='java.package' name='javax.management.timer' version='0.0.0'/>
        <provided namespace='java.package' name='javax.naming' version='0.0.0'/>
        <provided namespace='java.package' name='javax.naming.directory' version='0.0.0'/>
        <provided namespace='java.package' name='javax.naming.event' version='0.0.0'/>
        <provided namespace='java.package' name='javax.naming.ldap' version='0.0.0'/>
        <provided namespace='java.package' name='javax.naming.spi' version='0.0.0'/>
        <provided namespace='java.package' name='javax.net' version='0.0.0'/>
        <provided namespace='java.package' name='javax.net.ssl' version='0.0.0'/>
        <provided namespace='java.package' name='javax.print' version='0.0.0'/>
        <provided namespace='java.package' name='javax.print.attribute' version='0.0.0'/>
        <provided namespace='java.package' name='javax.print.attribute.standard' version='0.0.0'/>
        <provided namespace='java.package' name='javax.print.event' version='0.0.0'/>
        <provided namespace='java.package' name='javax.rmi' version='0.0.0'/>
        <provided namespace='java.package' name='javax.rmi.CORBA' version='0.0.0'/>
        <provided namespace='java.package' name='javax.rmi.ssl' version='0.0.0'/>
        <provided namespace='java.package' name='javax.security.auth' version='0.0.0'/>
        <provided namespace='java.package' name='javax.security.auth.callback' version='0.0.0'/>
        <provided namespace='java.package' name='javax.security.auth.kerberos' version='0.0.0'/>
        <provided namespace='java.package' name='javax.security.auth.login' version='0.0.0'/>
        <provided namespace='java.package' name='javax.security.auth.spi' version='0.0.0'/>
        <provided namespace='java.package' name='javax.security.auth.x500' version='0.0.0'/>
        <provided namespace='java.package' name='javax.security.cert' version='0.0.0'/>
        <provided namespace='java.package' name='javax.security.sasl' version='0.0.0'/>
        <provided namespace='java.package' name='javax.sound.midi' version='0.0.0'/>
        <provided namespace='java.package' name='javax.sound.midi.spi' version='0.0.0'/>
        <provided namespace='java.package' name='javax.sound.sampled' version='0.0.0'/>
        <provided namespace='java.package' name='javax.sound.sampled.spi' version='0.0.0'/>
        <provided namespace='java.package' name='javax.sql' version='0.0.0'/>
        <provided namespace='java.package' name='javax.sql.rowset' version='0.0.0'/>
        <provided namespace='java.package' name='javax.sql.rowset.serial' version='0.0.0'/>
        <provided namespace='java.package' name='javax.sql.rowset.spi' version='0.0.0'/>
        <provided namespace='java.package' name='javax.swing' version='0.0.0'/>
        <provided namespace='java.package' name='javax.swing.border' version='0.0.0'/>
        <provided namespace='java.package' name='javax.swing.colorchooser' version='0.0.0'/>
        <provided namespace='java.package' name='javax.swing.event' version='0.0.0'/>
        <provided namespace='java.package' name='javax.swing.filechooser' version='0.0.0'/>
        <provided namespace='java.package' name='javax.swing.plaf' version='0.0.0'/>
        <provided namespace='java.package' name='javax.swing.plaf.basic' version='0.0.0'/>
        <provided namespace='java.package' name='javax.swing.plaf.metal' version='0.0.0'/>
        <provided namespace='java.package' name='javax.swing.plaf.multi' version='0.0.0'/>
        <provided namespace='java.package' name='javax.swing.plaf.synth' version='0.0.0'/>
        <provided namespace='java.package' name='javax.swing.table' version='0.0.0'/>
        <provided namespace='java.package' name='javax.swing.text' version='0.0.0'/>
        <provided namespace='java.package' name='javax.swing.text.html' version='0.0.0'/>
        <provided namespace='java.package' name='javax.swing.text.html.parser' version='0.0.0'/>
        <provided namespace='java.package' name='javax.swing.text.rtf' version='0.0.0'/>
        <provided namespace='java.package' name='javax.swing.tree' version='0.0.0'/>
        <provided namespace='java.package' name='javax.swing.undo' version='0.0.0'/>
        <provided namespace='java.package' name='javax.transaction' version='0.0.0'/>
        <provided namespace='java.package' name='javax.transaction.xa' version='0.0.0'/>
        <provided namespace='java.package' name='javax.xml' version='0.0.0'/>
        <provided namespace='java.package' name='javax.xml.datatype' version='0.0.0'/>
        <provided namespace='java.package' name='javax.xml.namespace' version='0.0.0'/>
        <provided namespace='java.package' name='javax.xml.parsers' version='0.0.0'/>
        <provided namespace='java.package' name='javax.xml.transform' version='0.0.0'/>
        <provided namespace='java.package' name='javax.xml.transform.dom' version='0.0.0'/>
        <provided namespace='java.package' name='javax.xml.transform.sax' version='0.0.0'/>
        <provided namespace='java.package' name='javax.xml.transform.stream' version='0.0.0'/>
        <provided namespace='java.package' name='javax.xml.validation' version='0.0.0'/>
        <provided namespace='java.package' name='javax.xml.xpath' version='0.0.0'/>
        <provided namespace='java.package' name='org.ietf.jgss' version='0.0.0'/>
        <provided namespace='java.package' name='org.omg.CORBA' version='0.0.0'/>
        <provided namespace='java.package' name='org.omg.CORBA_2_3' version='0.0.0'/>
        <provided namespace='java.package' name='org.omg.CORBA_2_3.portable' version='0.0.0'/>
        <provided namespace='java.package' name='org.omg.CORBA.DynAnyPackage' version='0.0.0'/>
        <provided namespace='java.package' name='org.omg.CORBA.ORBPackage' version='0.0.0'/>
        <provided namespace='java.package' name='org.omg.CORBA.portable' version='0.0.0'/>
        <provided namespace='java.package' name='org.omg.CORBA.TypeCodePackage' version='0.0.0'/>
        <provided namespace='java.package' name='org.omg.CosNaming' version='0.0.0'/>
        <provided namespace='java.package' name='org.omg.CosNaming.NamingContextExtPackage' version='0.0.0'/>
        <provided namespace='java.package' name='org.omg.CosNaming.NamingContextPackage' version='0.0.0'/>
        <provided namespace='java.package' name='org.omg.Dynamic' version='0.0.0'/>
        <provided namespace='java.package' name='org.omg.DynamicAny' version='0.0.0'/>
        <provided namespace='java.package' name='org.omg.DynamicAny.DynAnyFactoryPackage' version='0.0.0'/>
        <provided namespace='java.package' name='org.omg.DynamicAny.DynAnyPackage' version='0.0.0'/>
        <provided namespace='java.package' name='org.omg.IOP' version='0.0.0'/>
        <provided namespace='java.package' name='org.omg.IOP.CodecFactoryPackage' version='0.0.0'/>
        <provided namespace='java.package' name='org.omg.IOP.CodecPackage' version='0.0.0'/>
        <provided namespace='java.package' name='org.omg.Messaging' version='0.0.0'/>
        <provided namespace='java.package' name='org.omg.PortableInterceptor' version='0.0.0'/>
        <provided namespace='java.package' name='org.omg.PortableInterceptor.ORBInitInfoPackage' version='0.0.0'/>
        <provided namespace='java.package' name='org.omg.PortableServer' version='0.0.0'/>
        <provided namespace='java.package' name='org.omg.PortableServer.CurrentPackage' version='0.0.0'/>
        <provided namespace='java.package' name='org.omg.PortableServer.POAManagerPackage' version='0.0.0'/>
        <provided namespace='java.package' name='org.omg.PortableServer.POAPackage' version='0.0.0'/>
        <provided namespace='java.package' name='org.omg.PortableServer.portable' version='0.0.0'/>
        <provided namespace='java.package' name='org.omg.PortableServer.ServantLocatorPackage' version='0.0.0'/>
        <provided namespace='java.package' name='org.omg.SendingContext' version='0.0.0'/>
        <provided namespace='java.package' name='org.omg.stub.java.rmi' version='0.0.0'/>
        <provided namespace='java.package' name='org.w3c.dom' version='0.0.0'/>
        <provided namespace='java.package' name='org.w3c.dom.bootstrap' version='0.0.0'/>
        <provided namespace='java.package' name='org.w3c.dom.events' version='0.0.0'/>
        <provided namespace='java.package' name='org.w3c.dom.ls' version='0.0.0'/>
        <provided namespace='java.package' name='org.xml.sax' version='0.0.0'/>
        <provided namespace='java.package' name='org.xml.sax.ext' version='0.0.0'/>
        <provided namespace='java.package' name='org.xml.sax.helpers' version='0.0.0'/>
      </provides>
      <touchpoint id='org.eclipse.equinox.p2.native' version='1.0.0'/>
    </unit>
    <unit id='net.sourceforge.sqlexplorer.mssql.translated_host_properties' version='3.5.1.v20091018'>
      <hostRequirements size='1'>
        <required namespace='org.eclipse.equinox.p2.iu' name='net.sourceforge.sqlexplorer' range='3.5.0' greedy='false'/>
      </hostRequirements>
      <properties size='1'>
        <property name='org.eclipse.equinox.p2.type.fragment' value='true'/>
      </properties>
      <requires size='1'>
        <required namespace='org.eclipse.equinox.p2.iu' name='net.sourceforge.sqlexplorer' range='3.5.0' greedy='false'/>
      </requires>
      <touchpoint id='null' version='0.0.0'/>
    </unit>
    <unit id='tooling.source.default' version='1.0.0' singleton='false'>
      <hostRequirements size='1'>
        <required namespace='org.eclipse.equinox.p2.eclipse.type' name='source' range='0.0.0' optional='true' multiple='true' greedy='false'/>
      </hostRequirements>
      <properties size='1'>
        <property name='org.eclipse.equinox.p2.type.fragment' value='true'/>
      </properties>
      <provides size='2'>
        <provided namespace='org.eclipse.equinox.p2.iu' name='tooling.source.default' version='1.0.0'/>
        <provided namespace='org.eclipse.equinox.p2.flavor' name='tooling' version='1.0.0'/>
      </provides>
      <requires size='1'>
        <required namespace='org.eclipse.equinox.p2.eclipse.type' name='source' range='0.0.0' optional='true' multiple='true' greedy='false'/>
      </requires>
      <touchpoint id='null' version='0.0.0'/>
      <touchpointData size='1'>
        <instructions size='2'>
          <instruction key='uninstall'>
            removeSourceBundle(bundle:${artifact})
          </instruction>
          <instruction key='install'>
            addSourceBundle(bundle:${artifact})
          </instruction>
        </instructions>
      </touchpointData>
    </unit>
    <unit id='net.sourceforge.sqlexplorer.db2.translated_host_properties' version='3.5.1.v20091018'>
      <hostRequirements size='1'>
        <required namespace='org.eclipse.equinox.p2.iu' name='net.sourceforge.sqlexplorer' range='3.5.0' greedy='false'/>
      </hostRequirements>
      <properties size='1'>
        <property name='org.eclipse.equinox.p2.type.fragment' value='true'/>
      </properties>
      <requires size='1'>
        <required namespace='org.eclipse.equinox.p2.iu' name='net.sourceforge.sqlexplorer' range='3.5.0' greedy='false'/>
      </requires>
      <touchpoint id='null' version='0.0.0'/>
    </unit>
  </units>
</repository>
