<?xml version='1.0' encoding='UTF-8'?>
<?metadataRepository version='1.1.0'?>
<repository name='SQLExplorer Updates' type='org.eclipse.equinox.internal.p2.metadata.repository.LocalMetadataRepository' version='1'>
  <properties size='2'>
    <property name='p2.timestamp' value='1280518895187'/>
    <property name='p2.compressed' value='false'/>
  </properties>
  <references size='2'>
    <repository uri='http://eclipsesql.sourceforge.net/' url='http://eclipsesql.sourceforge.net/' type='0' options='0'/>
    <repository uri='http://eclipsesql.sourceforge.net/' url='http://eclipsesql.sourceforge.net/' type='1' options='0'/>
  </references>
  <units size='13'>
    <unit id='net.sourceforge.sqlexplorer' version='3.5.1.v20100730_SR4'>
      <update id='net.sourceforge.sqlexplorer' range='[0.0.0,3.5.1.v20100730_SR4)' severity='0'/>
      <properties size='3'>
        <property name='org.eclipse.equinox.p2.name' value='SQLExplorer Plugin'/>
        <property name='org.eclipse.equinox.p2.provider' value='SQL Explorer Project (eclipsesql.sourceforge.net)'/>
        <property name='org.eclipse.equinox.p2.bundle.localization' value='plugin'/>
      </properties>
      <provides size='57'>
        <provided namespace='org.eclipse.equinox.p2.iu' name='net.sourceforge.sqlexplorer' version='3.5.1.v20100730_SR4'/>
        <provided namespace='osgi.bundle' name='net.sourceforge.sqlexplorer' version='3.5.1.v20100730_SR4'/>
        <provided namespace='java.package' name='net.sourceforge.sqlexplorer' version='0.0.0'/>
        <provided namespace='java.package' name='net.sourceforge.sqlexplorer.connections' version='0.0.0'/>
        <provided namespace='java.package' name='net.sourceforge.sqlexplorer.connections.actions' version='0.0.0'/>
        <provided namespace='java.package' name='net.sourceforge.sqlexplorer.dataset' version='0.0.0'/>
        <provided namespace='java.package' name='net.sourceforge.sqlexplorer.dbdetail' version='0.0.0'/>
        <provided namespace='java.package' name='net.sourceforge.sqlexplorer.dbdetail.tab' version='0.0.0'/>
        <provided namespace='java.package' name='net.sourceforge.sqlexplorer.dbproduct' version='0.0.0'/>
        <provided namespace='java.package' name='net.sourceforge.sqlexplorer.dbstructure' version='0.0.0'/>
        <provided namespace='java.package' name='net.sourceforge.sqlexplorer.dbstructure.actions' version='0.0.0'/>
        <provided namespace='java.package' name='net.sourceforge.sqlexplorer.dbstructure.nodes' version='0.0.0'/>
        <provided namespace='java.package' name='net.sourceforge.sqlexplorer.dialogs' version='0.0.0'/>
        <provided namespace='java.package' name='net.sourceforge.sqlexplorer.history' version='0.0.0'/>
        <provided namespace='java.package' name='net.sourceforge.sqlexplorer.history.actions' version='0.0.0'/>
        <provided namespace='java.package' name='net.sourceforge.sqlexplorer.parsers' version='0.0.0'/>
        <provided namespace='java.package' name='net.sourceforge.sqlexplorer.parsers.scp' version='0.0.0'/>
        <provided namespace='java.package' name='net.sourceforge.sqlexplorer.plugin' version='0.0.0'/>
        <provided namespace='java.package' name='net.sourceforge.sqlexplorer.plugin.actions' version='0.0.0'/>
        <provided namespace='java.package' name='net.sourceforge.sqlexplorer.plugin.editors' version='0.0.0'/>
        <provided namespace='java.package' name='net.sourceforge.sqlexplorer.plugin.perspectives' version='0.0.0'/>
        <provided namespace='java.package' name='net.sourceforge.sqlexplorer.plugin.views' version='0.0.0'/>
        <provided namespace='java.package' name='net.sourceforge.sqlexplorer.plugin.wizards' version='0.0.0'/>
        <provided namespace='java.package' name='net.sourceforge.sqlexplorer.preferences' version='0.0.0'/>
        <provided namespace='java.package' name='net.sourceforge.sqlexplorer.preview' version='0.0.0'/>
        <provided namespace='java.package' name='net.sourceforge.sqlexplorer.sessiontree.actions' version='0.0.0'/>
        <provided namespace='java.package' name='net.sourceforge.sqlexplorer.sessiontree.model.utility' version='0.0.0'/>
        <provided namespace='java.package' name='net.sourceforge.sqlexplorer.sqleditor' version='0.0.0'/>
        <provided namespace='java.package' name='net.sourceforge.sqlexplorer.sqleditor.actions' version='0.0.0'/>
        <provided namespace='java.package' name='net.sourceforge.sqlexplorer.sqleditor.results.actions' version='0.0.0'/>
        <provided namespace='java.package' name='net.sourceforge.sqlexplorer.sqlpanel' version='0.0.0'/>
        <provided namespace='java.package' name='net.sourceforge.sqlexplorer.sqlpanel.actions' version='0.0.0'/>
        <provided namespace='java.package' name='net.sourceforge.sqlexplorer.util' version='0.0.0'/>
        <provided namespace='java.package' name='net.sourceforge.squirrel_sql.fw.codereformat' version='0.0.0'/>
        <provided namespace='java.package' name='net.sourceforge.squirrel_sql.fw.completion' version='0.0.0'/>
        <provided namespace='java.package' name='net.sourceforge.squirrel_sql.fw.completion.util' version='0.0.0'/>
        <provided namespace='java.package' name='net.sourceforge.squirrel_sql.fw.datasetviewer' version='0.0.0'/>
        <provided namespace='java.package' name='net.sourceforge.squirrel_sql.fw.datasetviewer.cellcomponent' version='0.0.0'/>
        <provided namespace='java.package' name='net.sourceforge.squirrel_sql.fw.dialects' version='0.0.0'/>
        <provided namespace='java.package' name='net.sourceforge.squirrel_sql.fw.gui' version='0.0.0'/>
        <provided namespace='java.package' name='net.sourceforge.squirrel_sql.fw.gui.action' version='0.0.0'/>
        <provided namespace='java.package' name='net.sourceforge.squirrel_sql.fw.gui.image' version='0.0.0'/>
        <provided namespace='java.package' name='net.sourceforge.squirrel_sql.fw.id' version='0.0.0'/>
        <provided namespace='java.package' name='net.sourceforge.squirrel_sql.fw.persist' version='0.0.0'/>
        <provided namespace='java.package' name='net.sourceforge.squirrel_sql.fw.preferences' version='0.0.0'/>
        <provided namespace='java.package' name='net.sourceforge.squirrel_sql.fw.resources' version='0.0.0'/>
        <provided namespace='java.package' name='net.sourceforge.squirrel_sql.fw.resources.images.eclipse' version='0.0.0'/>
        <provided namespace='java.package' name='net.sourceforge.squirrel_sql.fw.resources.images.gnome' version='0.0.0'/>
        <provided namespace='java.package' name='net.sourceforge.squirrel_sql.fw.sql' version='0.0.0'/>
        <provided namespace='java.package' name='net.sourceforge.squirrel_sql.fw.sql.dbobj' version='0.0.0'/>
        <provided namespace='java.package' name='net.sourceforge.squirrel_sql.fw.sql.dbobj.adapter' version='0.0.0'/>
        <provided namespace='java.package' name='net.sourceforge.squirrel_sql.fw.util' version='0.0.0'/>
        <provided namespace='java.package' name='net.sourceforge.squirrel_sql.fw.util.beanwrapper' version='0.0.0'/>
        <provided namespace='java.package' name='net.sourceforge.squirrel_sql.fw.util.log' version='0.0.0'/>
        <provided namespace='java.package' name='net.sourceforge.squirrel_sql.fw.xml' version='0.0.0'/>
        <provided namespace='java.package' name='org.eclipse.jface.preference' version='0.0.0'/>
        <provided namespace='org.eclipse.equinox.p2.eclipse.type' name='bundle' version='1.0.0'/>
      </provides>
      <requires size='8'>
        <required namespace='osgi.bundle' name='org.eclipse.ui' range='3.2.0'/>
        <required namespace='osgi.bundle' name='org.eclipse.core.runtime' range='3.2.0'/>
        <required namespace='osgi.bundle' name='org.eclipse.core.resources' range='3.2.0'/>
        <required namespace='osgi.bundle' name='org.eclipse.ui.ide' range='3.2.0'/>
        <required namespace='osgi.bundle' name='org.eclipse.ui.workbench.texteditor' range='3.2.0'/>
        <required namespace='osgi.bundle' name='org.eclipse.jface.text' range='3.2.0'/>
        <required namespace='osgi.bundle' name='org.eclipse.ui.editors' range='3.2.0'/>
        <required namespace='osgi.bundle' name='org.eclipse.core.expressions' range='0.0.0'/>
      </requires>
      <artifacts size='1'>
        <artifact classifier='osgi.bundle' id='net.sourceforge.sqlexplorer' version='3.5.1.v20100730_SR4'/>
      </artifacts>
      <touchpoint id='org.eclipse.equinox.p2.osgi' version='1.0.0'/>
      <touchpointData size='1'>
        <instructions size='2'>
          <instruction key='manifest'>
            Bundle-ManifestVersion: 2&#xA;Created-By: 16.0-b13 (Sun Microsystems Inc.)&#xA;Manifest-Version: 1.0&#xA;Bundle-Name: SQLExplorer Plugin&#xA;Bundle-Vendor: SQL Explorer Project (eclipsesql.sourceforge.net)&#xA;Bundle-ActivationPolicy: lazy&#xA;Ant-Version: Apache Ant 1.7.0&#xA;Bundle-ClassPath: sqlexplorer.jar,lib/log4j.jar,lib/rowset.jar,lib/dom4j.jar,lib/fw.jar,lib/hibernate3.2.4.sp1.jar,lib/poi-3.5-FINAL-20090928.jar,lib/commons-logging.jar&#xA;Bundle-Version: 3.5.1.v20100730_SR4&#xA;Export-Package: net.sourceforge.sqlexplorer,net.sourceforge.sqlexplorer.connections,net.sourceforge.sqlexplorer.connections.actions,net.sourceforge.sqlexplorer.dataset,net.sourceforge.sqlexplorer.dbdetail,net.sourceforge.sqlexplorer.dbdetail.tab,net.sourceforge.sqlexplorer.dbproduct,net.sourceforge.sqlexplorer.dbstructure,net.sourceforge.sqlexplorer.dbstructure.actions,net.sourceforge.sqlexplorer.dbstructure.nodes,net.sourceforge.sqlexplorer.dialogs,net.sourceforge.sqlexplorer.history,net.sourceforge.sqlexplorer.history.actions,net.sourceforge.sqlexplorer.parsers,net.sourceforge.sqlexplorer.parsers.scp,net.sourceforge.sqlexplorer.plugin,net.sourceforge.sqlexplorer.plugin.actions,net.sourceforge.sqlexplorer.plugin.editors,net.sourceforge.sqlexplorer.plugin.perspectives,net.sourceforge.sqlexplorer.plugin.views,net.sourceforge.sqlexplorer.plugin.wizards,net.sourceforge.sqlexplorer.preferences,net.sourceforge.sqlexplorer.preview,net.sourceforge.sqlexplorer.sessiontree.actions,net.sourceforge.sqlexplorer.sessiontree.model.utility,net.sourceforge.sqlexplorer.sqleditor,net.sourceforge.sqlexplorer.sqleditor.actions,net.sourceforge.sqlexplorer.sqleditor.results.actions,net.sourceforge.sqlexplorer.sqlpanel,net.sourceforge.sqlexplorer.sqlpanel.actions,net.sourceforge.sqlexplorer.util,net.sourceforge.squirrel_sql.fw.codereformat,net.sourceforge.squirrel_sql.fw.completion,net.sourceforge.squirrel_sql.fw.completion.util,net.sourceforge.squirrel_sql.fw.datasetviewer,net.sourceforge.squirrel_sql.fw.datasetviewer.cellcomponent,net.sourceforge.squirrel_sql.fw.dialects,net.sourceforge.squirrel_sql.fw.gui,net.sourceforge.squirrel_sql.fw.gui.action,net.sourceforge.squirrel_sql.fw.gui.image,net.sourceforge.squirrel_sql.fw.id,net.sourceforge.squirrel_sql.fw.persist,net.sourceforge.squirrel_sql.fw.preferences,net.sourceforge.squirrel_sql.fw.resources,net.sourceforge.squirrel_sql.fw.resources.images.eclipse,net.sourceforge.squirrel_sql.fw.resources.images.gnome,net.sourceforge.squirrel_sql.fw.sql,net.sourceforge.squirrel_sql.fw.sql.dbobj,net.sourceforge.squirrel_sql.fw.sql.dbobj.adapter,net.sourceforge.squirrel_sql.fw.util,net.sourceforge.squirrel_sql.fw.util.beanwrapper,net.sourceforge.squirrel_sql.fw.util.log,net.sourceforge.squirrel_sql.fw.xml,org.eclipse.jface.preference&#xA;Require-Bundle: org.eclipse.ui;bundle-version=&quot;3.2.0&quot;,org.eclipse.core.runtime;bundle-version=&quot;3.2.0&quot;,org.eclipse.core.resources;bundle-version=&quot;3.2.0&quot;,org.eclipse.ui.ide;bundle-version=&quot;3.2.0&quot;,org.eclipse.ui.workbench.texteditor;bundle-version=&quot;3.2.0&quot;,org.eclipse.jface.text;bundle-version=&quot;3.2.0&quot;,org.eclipse.ui.editors;bundle-version=&quot;3.2.0&quot;,org.eclipse.core.expressions&#xA;Bundle-Activator: net.sourceforge.sqlexplorer.plugin.SQLExplorerPlugin&#xA;Bundle-SymbolicName: net.sourceforge.sqlexplorer; singleton:=true&#xA;Eclipse-LazyStart: true&#xA;Bundle-RequiredExecutionEnvironment: J2SE-1.5&#xA;Bundle-Localization: plugin&#xA;
          </instruction>
          <instruction key='zipped'>
            true
          </instruction>
        </instructions>
      </touchpointData>
    </unit>
    <unit id='net.sourceforge.sqlexplorer.help' version='3.5.1.v20100730_SR4'>
      <update id='net.sourceforge.sqlexplorer.help' range='[0.0.0,3.5.1.v20100730_SR4)' severity='0'/>
      <properties size='2'>
        <property name='org.eclipse.equinox.p2.name' value='SQLExplorer Help'/>
        <property name='org.eclipse.equinox.p2.provider' value='SQL Explorer Project (eclipsesql.sourceforge.net)'/>
      </properties>
      <provides size='3'>
        <provided namespace='org.eclipse.equinox.p2.iu' name='net.sourceforge.sqlexplorer.help' version='3.5.1.v20100730_SR4'/>
        <provided namespace='osgi.bundle' name='net.sourceforge.sqlexplorer.help' version='3.5.1.v20100730_SR4'/>
        <provided namespace='org.eclipse.equinox.p2.eclipse.type' name='bundle' version='1.0.0'/>
      </provides>
      <requires size='1'>
        <required namespace='osgi.bundle' name='org.eclipse.help' range='0.0.0'/>
      </requires>
      <artifacts size='1'>
        <artifact classifier='osgi.bundle' id='net.sourceforge.sqlexplorer.help' version='3.5.1.v20100730_SR4'/>
      </artifacts>
      <touchpoint id='org.eclipse.equinox.p2.osgi' version='1.0.0'/>
      <touchpointData size='1'>
        <instructions size='2'>
          <instruction key='manifest'>
            Bundle-ManifestVersion: 2&#xA;Bundle-Name: SQLExplorer Help&#xA;Bundle-Version: 3.5.1.v20100730_SR4&#xA;Require-Bundle: org.eclipse.help&#xA;Created-By: 16.0-b13 (Sun Microsystems Inc.)&#xA;Bundle-SymbolicName: net.sourceforge.sqlexplorer.help; singleton:=true&#xA;Manifest-Version: 1.0&#xA;Bundle-Vendor: SQL Explorer Project (eclipsesql.sourceforge.net)&#xA;Ant-Version: Apache Ant 1.7.0&#xA;
          </instruction>
          <instruction key='zipped'>
            true
          </instruction>
        </instructions>
      </touchpointData>
    </unit>
    <unit id='net.sourceforge.sqlexplorer.feature.group' version='3.5.1.v20100730_SR4' singleton='false'>
      <update id='net.sourceforge.sqlexplorer.feature.group' range='[0.0.0,3.5.1.v20100730_SR4)' severity='0'/>
      <properties size='5'>
        <property name='org.eclipse.equinox.p2.name' value='Eclipse SQL Explorer'/>
        <property name='org.eclipse.equinox.p2.description' value='SQL Explorer is a thin SQL client for querying and exploring&#xA;JDBC Compliant databases. &#xA;Changes in 3.5.1:&#xA;+. new execute current sql action (CTRL+ALT+ENTER) and changeable&#xA;key binding (patch #2725105 by joco01)&#xA;+. fixed bug #2827324, rounded float values in MS-Sql&#xA;+. feature #2827391, problem with auto completion&#xA;+. fixed bug #2830545, fill db structure view for current database&#xA;+. extended database(catalog) support for MySql,Sybase, MS-Sql&#xA;+. added New to File menu, moved preferences menu item down&#xA;+. re-added export to HTML and XLS action&#xA;&#xA;SR1:&#xA;+. use getDate for DATE sql type, needed for Teradata, no problems&#xA;detected with MySql/msSql/Postgres&#xA;see https://sourceforge.net/projects/eclipsesql/forums/forum/450663/topic/3435783&#xA;+. added option to strip comments before executing SQL&#xA;see https://sourceforge.net/projects/eclipsesql/forums/forum/450662/topic/3423052&#xA;&#xA;SR2:&#xA;+. added patch from patl9 fixing problems with alias saving,&#xA;http://sourceforge.net/tracker/?func=detail&amp;atid=725495&amp;aid=2891491&amp;group_id=132863&#xA;+. select complete row in result set table&#xA;+. fixed ClasCastException for PostgreSQL and Oracle if strip&#xA;comments is enabled&#xA;+. added check for lines starting with \ in PostgreSQL&#xA;+. added batch execution results&#xA;&#xA;SR3:&#xA;+. fixed IndexOutOfBoundsException in execute SQL chunk&#xA;+. Patch #2924692 by ashinger, fixed some problems in JDBC driver&#xA;preferences&#xA;+. used commands for SQL actions, new context menu entries and&#xA;editor tool bar buttons&#xA;+. cleanup deprecations for preferences&#xA;&#xA;SR3b: &#xA;+. fixed Bug #2948449 NoSuchMethodeError, see https://sourceforge.net/tracker/index.php?func=detail&amp;aid=2948449&amp;group_id=132863&amp;atid=725495'/>
        <property name='org.eclipse.equinox.p2.description.url' value='http://eclipsesql.sourceforge.net'/>
        <property name='org.eclipse.equinox.p2.provider' value='SQL Explorer Project (eclipsesql.sourceforge.net)'/>
        <property name='org.eclipse.equinox.p2.type.group' value='true'/>
      </properties>
      <provides size='1'>
        <provided namespace='org.eclipse.equinox.p2.iu' name='net.sourceforge.sqlexplorer.feature.group' version='3.5.1.v20100730_SR4'/>
      </provides>
      <requires size='18'>
        <required namespace='org.eclipse.equinox.p2.iu' name='org.eclipse.ui' range='3.2.0'/>
        <required namespace='org.eclipse.equinox.p2.iu' name='org.eclipse.core.runtime' range='3.2.0'/>
        <required namespace='org.eclipse.equinox.p2.iu' name='org.eclipse.core.resources' range='3.2.0'/>
        <required namespace='org.eclipse.equinox.p2.iu' name='org.eclipse.ui.ide' range='3.2.0'/>
        <required namespace='org.eclipse.equinox.p2.iu' name='org.eclipse.ui.workbench.texteditor' range='3.2.0'/>
        <required namespace='org.eclipse.equinox.p2.iu' name='org.eclipse.jface.text' range='3.2.0'/>
        <required namespace='org.eclipse.equinox.p2.iu' name='org.eclipse.ui.editors' range='3.2.0'/>
        <required namespace='org.eclipse.equinox.p2.iu' name='net.sourceforge.sqlexplorer' range='[3.5.1.v20100730_SR4,3.5.1.v20100730_SR4]'/>
        <required namespace='org.eclipse.equinox.p2.iu' name='net.sourceforge.sqlexplorer.db2' range='[3.5.1.v20100730_SR4,3.5.1.v20100730_SR4]'/>
        <required namespace='org.eclipse.equinox.p2.iu' name='net.sourceforge.sqlexplorer.oracle' range='[3.5.1.v20100730_SR4,3.5.1.v20100730_SR4]'/>
        <required namespace='org.eclipse.equinox.p2.iu' name='net.sourceforge.sqlexplorer.mysql' range='[3.5.1.v20100730_SR4,3.5.1.v20100730_SR4]'/>
        <required namespace='org.eclipse.equinox.p2.iu' name='net.sourceforge.sqlexplorer.postgresql' range='[3.5.1.v20100730_SR4,3.5.1.v20100730_SR4]'/>
        <required namespace='org.eclipse.equinox.p2.iu' name='net.sourceforge.sqlexplorer.help' range='[3.5.1.v20100730_SR4,3.5.1.v20100730_SR4]'/>
        <required namespace='org.eclipse.equinox.p2.iu' name='net.sourceforge.sqlexplorer.dbase' range='[3.5.1.v20100730_SR4,3.5.1.v20100730_SR4]'/>
        <required namespace='org.eclipse.equinox.p2.iu' name='net.sourceforge.sqlexplorer.mssql' range='[3.5.1.v20100730_SR4,3.5.1.v20100730_SR4]'/>
        <required namespace='org.eclipse.equinox.p2.iu' name='net.sourceforge.sqlexplorer.sybase' range='[3.5.1.v20100730_SR4,3.5.1.v20100730_SR4]'/>
        <required namespace='org.eclipse.equinox.p2.iu' name='net.sourceforge.sqlexplorer.derby' range='[3.5.1.v20100730_SR4,3.5.1.v20100730_SR4]'/>
        <required namespace='org.eclipse.equinox.p2.iu' name='net.sourceforge.sqlexplorer.feature.jar' range='[3.5.1.v20100730_SR4,3.5.1.v20100730_SR4]'>
          <filter>
            (org.eclipse.update.install.features=true)
          </filter>
        </required>
      </requires>
      <touchpoint id='null' version='0.0.0'/>
      <licenses size='1'>
        <license>
          This program is free software; you can redistribute it and/or&#xA;modify it under the terms of the GNU Lesser General Public&#xA;License as published by the Free Software Foundation; either&#xA;version 2.1 of the License, or (at your option) any later version.&#xA;This library is distributed in the hope that it will be useful,&#xA;but WITHOUT ANY WARRANTY; without even the implied warranty of&#xA;MERCHANTABILITY or FITNESS FOR A PARTICULAR PURPOSE.  See the&#xA;GNU Lesser General Public License for more details.&#xA;You should have received a copy of the GNU Lesser General Public&#xA;License along with this library; if not, write to the Free Software&#xA;Foundation, Inc., 59 Temple Place, Suite 330, Boston, MA  02111-1307&#xA;USA
        </license>
      </licenses>
      <copyright uri='http://sourceforge.net/projects/eclipsesql' url='http://sourceforge.net/projects/eclipsesql'>
        Copyright (C) 2006 SQL Explorer Development Team&#xA;This program is free software; you can redistribute it and/or&#xA;modify it under the terms of the GNU Lesser General Public&#xA;License as published by the Free Software Foundation; either&#xA;version 2.1 of the License, or (at your option) any later version.&#xA;This library is distributed in the hope that it will be useful,&#xA;but WITHOUT ANY WARRANTY; without even the implied warranty of&#xA;MERCHANTABILITY or FITNESS FOR A PARTICULAR PURPOSE.  See the&#xA;GNU Lesser General Public License for more details.&#xA;You should have received a copy of the GNU Lesser General Public&#xA;License along with this library; if not, write to the Free Software&#xA;Foundation, Inc., 59 Temple Place, Suite 330, Boston, MA  02111-1307&#xA;USA
      </copyright>
    </unit>
    <unit id='net.sourceforge.sqlexplorer.feature.jar' version='3.5.1.v20100730_SR4'>
      <properties size='5'>
        <property name='org.eclipse.equinox.p2.name' value='Eclipse SQL Explorer'/>
        <property name='org.eclipse.equinox.p2.description' value='SQL Explorer is a thin SQL client for querying and exploring&#xA;JDBC Compliant databases. &#xA;Changes in 3.5.1:&#xA;+. new execute current sql action (CTRL+ALT+ENTER) and changeable&#xA;key binding (patch #2725105 by joco01)&#xA;+. fixed bug #2827324, rounded float values in MS-Sql&#xA;+. feature #2827391, problem with auto completion&#xA;+. fixed bug #2830545, fill db structure view for current database&#xA;+. extended database(catalog) support for MySql,Sybase, MS-Sql&#xA;+. added New to File menu, moved preferences menu item down&#xA;+. re-added export to HTML and XLS action&#xA;&#xA;SR1:&#xA;+. use getDate for DATE sql type, needed for Teradata, no problems&#xA;detected with MySql/msSql/Postgres&#xA;see https://sourceforge.net/projects/eclipsesql/forums/forum/450663/topic/3435783&#xA;+. added option to strip comments before executing SQL&#xA;see https://sourceforge.net/projects/eclipsesql/forums/forum/450662/topic/3423052&#xA;&#xA;SR2:&#xA;+. added patch from patl9 fixing problems with alias saving,&#xA;http://sourceforge.net/tracker/?func=detail&amp;atid=725495&amp;aid=2891491&amp;group_id=132863&#xA;+. select complete row in result set table&#xA;+. fixed ClasCastException for PostgreSQL and Oracle if strip&#xA;comments is enabled&#xA;+. added check for lines starting with \ in PostgreSQL&#xA;+. added batch execution results&#xA;&#xA;SR3:&#xA;+. fixed IndexOutOfBoundsException in execute SQL chunk&#xA;+. Patch #2924692 by ashinger, fixed some problems in JDBC driver&#xA;preferences&#xA;+. used commands for SQL actions, new context menu entries and&#xA;editor tool bar buttons&#xA;+. cleanup deprecations for preferences&#xA;&#xA;SR3b: &#xA;+. fixed Bug #2948449 NoSuchMethodeError, see https://sourceforge.net/tracker/index.php?func=detail&amp;aid=2948449&amp;group_id=132863&amp;atid=725495'/>
        <property name='org.eclipse.equinox.p2.description.url' value='http://eclipsesql.sourceforge.net'/>
        <property name='org.eclipse.equinox.p2.provider' value='SQL Explorer Project (eclipsesql.sourceforge.net)'/>
        <property name='org.eclipse.update.feature.plugin' value='net.sourceforge.sqlexplorer'/>
      </properties>
      <provides size='3'>
        <provided namespace='org.eclipse.equinox.p2.iu' name='net.sourceforge.sqlexplorer.feature.jar' version='3.5.1.v20100730_SR4'/>
        <provided namespace='org.eclipse.equinox.p2.eclipse.type' name='feature' version='1.0.0'/>
        <provided namespace='org.eclipse.update.feature' name='net.sourceforge.sqlexplorer' version='3.5.1.v20100730_SR4'/>
      </provides>
      <filter>
        (org.eclipse.update.install.features=true)
      </filter>
      <artifacts size='1'>
        <artifact classifier='org.eclipse.update.feature' id='net.sourceforge.sqlexplorer' version='3.5.1.v20100730_SR4'/>
      </artifacts>
      <touchpoint id='org.eclipse.equinox.p2.osgi' version='1.0.0'/>
      <touchpointData size='1'>
        <instructions size='1'>
          <instruction key='zipped'>
            true
          </instruction>
        </instructions>
      </touchpointData>
      <licenses size='1'>
        <license>
          This program is free software; you can redistribute it and/or&#xA;modify it under the terms of the GNU Lesser General Public&#xA;License as published by the Free Software Foundation; either&#xA;version 2.1 of the License, or (at your option) any later version.&#xA;This library is distributed in the hope that it will be useful,&#xA;but WITHOUT ANY WARRANTY; without even the implied warranty of&#xA;MERCHANTABILITY or FITNESS FOR A PARTICULAR PURPOSE.  See the&#xA;GNU Lesser General Public License for more details.&#xA;You should have received a copy of the GNU Lesser General Public&#xA;License along with this library; if not, write to the Free Software&#xA;Foundation, Inc., 59 Temple Place, Suite 330, Boston, MA  02111-1307&#xA;USA
        </license>
      </licenses>
      <copyright uri='http://sourceforge.net/projects/eclipsesql' url='http://sourceforge.net/projects/eclipsesql'>
        Copyright (C) 2006 SQL Explorer Development Team&#xA;This program is free software; you can redistribute it and/or&#xA;modify it under the terms of the GNU Lesser General Public&#xA;License as published by the Free Software Foundation; either&#xA;version 2.1 of the License, or (at your option) any later version.&#xA;This library is distributed in the hope that it will be useful,&#xA;but WITHOUT ANY WARRANTY; without even the implied warranty of&#xA;MERCHANTABILITY or FITNESS FOR A PARTICULAR PURPOSE.  See the&#xA;GNU Lesser General Public License for more details.&#xA;You should have received a copy of the GNU Lesser General Public&#xA;License along with this library; if not, write to the Free Software&#xA;Foundation, Inc., 59 Temple Place, Suite 330, Boston, MA  02111-1307&#xA;USA
      </copyright>
    </unit>
    <unit id='net.sourceforge.sqlexplorer.sybase' version='3.5.1.v20100730_SR4'>
      <update id='net.sourceforge.sqlexplorer.sybase' range='[0.0.0,3.5.1.v20100730_SR4)' severity='0'/>
      <properties size='3'>
        <property name='org.eclipse.equinox.p2.name' value='Sybase Extension to SQLExplorer'/>
        <property name='org.eclipse.equinox.p2.provider' value='SQL Explorer Project (eclipsesql.sourceforge.net)'/>
        <property name='org.eclipse.equinox.p2.bundle.localization' value='plugin'/>
      </properties>
      <provides size='4'>
        <provided namespace='org.eclipse.equinox.p2.iu' name='net.sourceforge.sqlexplorer.sybase' version='3.5.1.v20100730_SR4'/>
        <provided namespace='osgi.bundle' name='net.sourceforge.sqlexplorer.sybase' version='3.5.1.v20100730_SR4'/>
        <provided namespace='org.eclipse.equinox.p2.eclipse.type' name='bundle' version='1.0.0'/>
        <provided namespace='osgi.fragment' name='net.sourceforge.sqlexplorer' version='3.5.1.v20100730_SR4'/>
      </provides>
      <requires size='1'>
        <required namespace='osgi.bundle' name='net.sourceforge.sqlexplorer' range='3.0.0.20060829'/>
      </requires>
      <artifacts size='1'>
        <artifact classifier='osgi.bundle' id='net.sourceforge.sqlexplorer.sybase' version='3.5.1.v20100730_SR4'/>
      </artifacts>
      <touchpoint id='org.eclipse.equinox.p2.osgi' version='1.0.0'/>
      <touchpointData size='1'>
        <instructions size='1'>
          <instruction key='manifest'>
            Bundle-Vendor: SQL Explorer Project (eclipsesql.sourceforge.net)&#xA;Bundle-ManifestVersion: 2&#xA;Bundle-RequiredExecutionEnvironment: J2SE-1.5&#xA;Bundle-Name: Sybase Extension to SQLExplorer&#xA;Bundle-Localization: plugin&#xA;Manifest-Version: 1.0&#xA;Fragment-Host: net.sourceforge.sqlexplorer;bundle-version=&quot;3.0.0.20060829&quot;&#xA;Bundle-SymbolicName: net.sourceforge.sqlexplorer.sybase;singleton:=true&#xA;Bundle-Version: 3.5.1.v20100730_SR4&#xA;Created-By: 16.0-b13 (Sun Microsystems Inc.)&#xA;Ant-Version: Apache Ant 1.7.0&#xA;
          </instruction>
        </instructions>
      </touchpointData>
    </unit>
    <unit id='net.sourceforge.sqlexplorer.derby' version='3.5.1.v20100730_SR4'>
      <update id='net.sourceforge.sqlexplorer.derby' range='[0.0.0,3.5.1.v20100730_SR4)' severity='0'/>
      <properties size='2'>
        <property name='org.eclipse.equinox.p2.name' value='Sqlexplorer_derby Fragment'/>
        <property name='org.eclipse.equinox.p2.provider' value='ciAnd7'/>
      </properties>
      <provides size='4'>
        <provided namespace='org.eclipse.equinox.p2.iu' name='net.sourceforge.sqlexplorer.derby' version='3.5.1.v20100730_SR4'/>
        <provided namespace='osgi.bundle' name='net.sourceforge.sqlexplorer.derby' version='3.5.1.v20100730_SR4'/>
        <provided namespace='org.eclipse.equinox.p2.eclipse.type' name='bundle' version='1.0.0'/>
        <provided namespace='osgi.fragment' name='net.sourceforge.sqlexplorer' version='3.5.1.v20100730_SR4'/>
      </provides>
      <requires size='1'>
        <required namespace='osgi.bundle' name='net.sourceforge.sqlexplorer' range='3.0.0'/>
      </requires>
      <artifacts size='1'>
        <artifact classifier='osgi.bundle' id='net.sourceforge.sqlexplorer.derby' version='3.5.1.v20100730_SR4'/>
      </artifacts>
      <touchpoint id='org.eclipse.equinox.p2.osgi' version='1.0.0'/>
      <touchpointData size='1'>
        <instructions size='1'>
          <instruction key='manifest'>
            Bundle-ManifestVersion: 2&#xA;Fragment-Host: net.sourceforge.sqlexplorer;bundle-version=&quot;3.0.0&quot;&#xA;Bundle-RequiredExecutionEnvironment: J2SE-1.5&#xA;Created-By: 16.0-b13 (Sun Microsystems Inc.)&#xA;Manifest-Version: 1.0&#xA;Bundle-Version: 3.5.1.v20100730_SR4&#xA;Bundle-SymbolicName: net.sourceforge.sqlexplorer.derby;singleton:=true&#xA;Ant-Version: Apache Ant 1.7.0&#xA;Bundle-Name: Sqlexplorer_derby Fragment&#xA;Bundle-Vendor: ciAnd7&#xA;
          </instruction>
        </instructions>
      </touchpointData>
    </unit>
    <unit id='net.sourceforge.sqlexplorer.db2' version='3.5.1.v20100730_SR4'>
      <update id='net.sourceforge.sqlexplorer.db2' range='[0.0.0,3.5.1.v20100730_SR4)' severity='0'/>
      <properties size='3'>
        <property name='org.eclipse.equinox.p2.name' value='DB2 extension for SQL Explorer'/>
        <property name='org.eclipse.equinox.p2.provider' value='SQL Explorer Project (eclipsesql.sourceforge.net)'/>
        <property name='org.eclipse.equinox.p2.bundle.localization' value='plugin'/>
      </properties>
      <provides size='4'>
        <provided namespace='org.eclipse.equinox.p2.iu' name='net.sourceforge.sqlexplorer.db2' version='3.5.1.v20100730_SR4'/>
        <provided namespace='osgi.bundle' name='net.sourceforge.sqlexplorer.db2' version='3.5.1.v20100730_SR4'/>
        <provided namespace='org.eclipse.equinox.p2.eclipse.type' name='bundle' version='1.0.0'/>
        <provided namespace='osgi.fragment' name='net.sourceforge.sqlexplorer' version='3.5.1.v20100730_SR4'/>
      </provides>
      <requires size='1'>
        <required namespace='osgi.bundle' name='net.sourceforge.sqlexplorer' range='3.5.0'/>
      </requires>
      <artifacts size='1'>
        <artifact classifier='osgi.bundle' id='net.sourceforge.sqlexplorer.db2' version='3.5.1.v20100730_SR4'/>
      </artifacts>
      <touchpoint id='org.eclipse.equinox.p2.osgi' version='1.0.0'/>
      <touchpointData size='1'>
        <instructions size='1'>
          <instruction key='manifest'>
            Bundle-ManifestVersion: 2&#xA;Bundle-RequiredExecutionEnvironment: J2SE-1.5&#xA;Bundle-Localization: plugin&#xA;Bundle-Name: DB2 extension for SQL Explorer&#xA;Bundle-Version: 3.5.1.v20100730_SR4&#xA;Bundle-Vendor: SQL Explorer Project (eclipsesql.sourceforge.net)&#xA;Bundle-SymbolicName: net.sourceforge.sqlexplorer.db2;singleton:=true&#xA;Fragment-Host: net.sourceforge.sqlexplorer;bundle-version=&quot;3.5.0&quot;&#xA;Created-By: 16.0-b13 (Sun Microsystems Inc.)&#xA;Bundle-ClassPath: .,lib/commons-logging.jar&#xA;Ant-Version: Apache Ant 1.7.0&#xA;Manifest-Version: 1.0&#xA;
          </instruction>
        </instructions>
      </touchpointData>
    </unit>
    <unit id='net.sourceforge.sqlexplorer.postgresql' version='3.5.1.v20100730_SR4'>
      <update id='net.sourceforge.sqlexplorer.postgresql' range='[0.0.0,3.5.1.v20100730_SR4)' severity='0'/>
      <properties size='3'>
        <property name='org.eclipse.equinox.p2.name' value='PostgesSQL Support for SqlExplorer'/>
        <property name='org.eclipse.equinox.p2.provider' value='SQL Explorer Project (eclipsesql.sourceforge.net)'/>
        <property name='org.eclipse.equinox.p2.bundle.localization' value='plugin'/>
      </properties>
      <provides size='4'>
        <provided namespace='org.eclipse.equinox.p2.iu' name='net.sourceforge.sqlexplorer.postgresql' version='3.5.1.v20100730_SR4'/>
        <provided namespace='osgi.bundle' name='net.sourceforge.sqlexplorer.postgresql' version='3.5.1.v20100730_SR4'/>
        <provided namespace='org.eclipse.equinox.p2.eclipse.type' name='bundle' version='1.0.0'/>
        <provided namespace='osgi.fragment' name='net.sourceforge.sqlexplorer' version='3.5.1.v20100730_SR4'/>
      </provides>
      <requires size='1'>
        <required namespace='osgi.bundle' name='net.sourceforge.sqlexplorer' range='3.5.0'/>
      </requires>
      <artifacts size='1'>
        <artifact classifier='osgi.bundle' id='net.sourceforge.sqlexplorer.postgresql' version='3.5.1.v20100730_SR4'/>
      </artifacts>
      <touchpoint id='org.eclipse.equinox.p2.osgi' version='1.0.0'/>
      <touchpointData size='1'>
        <instructions size='1'>
          <instruction key='manifest'>
            Bundle-Vendor: SQL Explorer Project (eclipsesql.sourceforge.net)&#xA;Bundle-ManifestVersion: 2&#xA;Bundle-RequiredExecutionEnvironment: J2SE-1.5&#xA;Bundle-Name: PostgesSQL Support for SqlExplorer&#xA;Bundle-Localization: plugin&#xA;Manifest-Version: 1.0&#xA;Fragment-Host: net.sourceforge.sqlexplorer;bundle-version=&quot;3.5.0&quot;&#xA;Bundle-SymbolicName: net.sourceforge.sqlexplorer.postgresql;singleton:=true&#xA;Bundle-Version: 3.5.1.v20100730_SR4&#xA;Created-By: 16.0-b13 (Sun Microsystems Inc.)&#xA;Ant-Version: Apache Ant 1.7.0&#xA;
          </instruction>
        </instructions>
      </touchpointData>
    </unit>
    <unit id='net.sourceforge.sqlexplorer.mysql' version='3.5.1.v20100730_SR4'>
      <update id='net.sourceforge.sqlexplorer.mysql' range='[0.0.0,3.5.1.v20100730_SR4)' severity='0'/>
      <properties size='3'>
        <property name='org.eclipse.equinox.p2.name' value='MySQL extension for SQL Explorer'/>
        <property name='org.eclipse.equinox.p2.provider' value='SQL Explorer Project (eclipsesql.sourceforge.net)'/>
        <property name='org.eclipse.equinox.p2.bundle.localization' value='plugin'/>
      </properties>
      <provides size='4'>
        <provided namespace='org.eclipse.equinox.p2.iu' name='net.sourceforge.sqlexplorer.mysql' version='3.5.1.v20100730_SR4'/>
        <provided namespace='osgi.bundle' name='net.sourceforge.sqlexplorer.mysql' version='3.5.1.v20100730_SR4'/>
        <provided namespace='org.eclipse.equinox.p2.eclipse.type' name='bundle' version='1.0.0'/>
        <provided namespace='osgi.fragment' name='net.sourceforge.sqlexplorer' version='3.5.1.v20100730_SR4'/>
      </provides>
      <requires size='1'>
        <required namespace='osgi.bundle' name='net.sourceforge.sqlexplorer' range='3.5.0'/>
      </requires>
      <artifacts size='1'>
        <artifact classifier='osgi.bundle' id='net.sourceforge.sqlexplorer.mysql' version='3.5.1.v20100730_SR4'/>
      </artifacts>
      <touchpoint id='org.eclipse.equinox.p2.osgi' version='1.0.0'/>
      <touchpointData size='1'>
        <instructions size='1'>
          <instruction key='manifest'>
            Bundle-Vendor: SQL Explorer Project (eclipsesql.sourceforge.net)&#xA;Bundle-ManifestVersion: 2&#xA;Bundle-RequiredExecutionEnvironment: J2SE-1.5&#xA;Bundle-Name: MySQL extension for SQL Explorer&#xA;Bundle-Localization: plugin&#xA;Manifest-Version: 1.0&#xA;Fragment-Host: net.sourceforge.sqlexplorer;bundle-version=&quot;3.5.0&quot;&#xA;Bundle-SymbolicName: net.sourceforge.sqlexplorer.mysql;singleton:=true&#xA;Bundle-Version: 3.5.1.v20100730_SR4&#xA;Created-By: 16.0-b13 (Sun Microsystems Inc.)&#xA;Ant-Version: Apache Ant 1.7.0&#xA;
          </instruction>
        </instructions>
      </touchpointData>
    </unit>
    <unit id='net.sourceforge.sqlexplorer.dbase' version='3.5.1.v20100730_SR4'>
      <update id='net.sourceforge.sqlexplorer.dbase' range='[0.0.0,3.5.1.v20100730_SR4)' severity='0'/>
      <properties size='3'>
        <property name='org.eclipse.equinox.p2.name' value='DBase extension for SQLExplorer'/>
        <property name='org.eclipse.equinox.p2.provider' value='Austin Morgan'/>
        <property name='org.eclipse.equinox.p2.bundle.localization' value='plugin'/>
      </properties>
      <provides size='4'>
        <provided namespace='org.eclipse.equinox.p2.iu' name='net.sourceforge.sqlexplorer.dbase' version='3.5.1.v20100730_SR4'/>
        <provided namespace='osgi.bundle' name='net.sourceforge.sqlexplorer.dbase' version='3.5.1.v20100730_SR4'/>
        <provided namespace='org.eclipse.equinox.p2.eclipse.type' name='bundle' version='1.0.0'/>
        <provided namespace='osgi.fragment' name='net.sourceforge.sqlexplorer' version='3.5.1.v20100730_SR4'/>
      </provides>
      <requires size='1'>
        <required namespace='osgi.bundle' name='net.sourceforge.sqlexplorer' range='3.0.0'/>
      </requires>
      <artifacts size='1'>
        <artifact classifier='osgi.bundle' id='net.sourceforge.sqlexplorer.dbase' version='3.5.1.v20100730_SR4'/>
      </artifacts>
      <touchpoint id='org.eclipse.equinox.p2.osgi' version='1.0.0'/>
      <touchpointData size='1'>
        <instructions size='1'>
          <instruction key='manifest'>
            Bundle-Vendor: Austin Morgan&#xA;Bundle-ManifestVersion: 2&#xA;Bundle-RequiredExecutionEnvironment: J2SE-1.5&#xA;Bundle-Name: DBase extension for SQLExplorer&#xA;Bundle-Localization: plugin&#xA;Manifest-Version: 1.0&#xA;Fragment-Host: net.sourceforge.sqlexplorer;bundle-version=&quot;3.0.0&quot;&#xA;Bundle-SymbolicName: net.sourceforge.sqlexplorer.dbase;singleton:=true&#xA;Bundle-Version: 3.5.1.v20100730_SR4&#xA;Created-By: 16.0-b13 (Sun Microsystems Inc.)&#xA;Ant-Version: Apache Ant 1.7.0&#xA;
          </instruction>
        </instructions>
      </touchpointData>
    </unit>
    <unit id='net.sourceforge.sqlexplorer.category.SQLExplorer' version='0.0.0.20100730214135'>
      <properties size='3'>
        <property name='org.eclipse.equinox.p2.name' value='SQL Explorer'/>
        <property name='org.eclipse.equinox.p2.description' value='SQL Explorer Plugin'/>
        <property name='org.eclipse.equinox.p2.type.category' value='true'/>
      </properties>
      <provides size='1'>
        <provided namespace='org.eclipse.equinox.p2.iu' name='net.sourceforge.sqlexplorer.category.SQLExplorer' version='0.0.0'/>
      </provides>
      <requires size='1'>
        <required namespace='org.eclipse.equinox.p2.iu' name='net.sourceforge.sqlexplorer.feature.group' range='[3.5.1.v20100730_SR4,3.5.1.v20100730_SR4]'/>
      </requires>
      <touchpoint id='null' version='0.0.0'/>
    </unit>
    <unit id='net.sourceforge.sqlexplorer.oracle' version='3.5.1.v20100730_SR4'>
      <update id='net.sourceforge.sqlexplorer.oracle' range='[0.0.0,3.5.1.v20100730_SR4)' severity='0'/>
      <properties size='3'>
        <property name='org.eclipse.equinox.p2.name' value='SQLExplorer Oracle Extension'/>
        <property name='org.eclipse.equinox.p2.provider' value='SQL Explorer Project (eclipsesql.sourceforge.net)'/>
        <property name='org.eclipse.equinox.p2.bundle.localization' value='plugin'/>
      </properties>
      <provides size='4'>
        <provided namespace='org.eclipse.equinox.p2.iu' name='net.sourceforge.sqlexplorer.oracle' version='3.5.1.v20100730_SR4'/>
        <provided namespace='osgi.bundle' name='net.sourceforge.sqlexplorer.oracle' version='3.5.1.v20100730_SR4'/>
        <provided namespace='org.eclipse.equinox.p2.eclipse.type' name='bundle' version='1.0.0'/>
        <provided namespace='osgi.fragment' name='net.sourceforge.sqlexplorer' version='3.5.1.v20100730_SR4'/>
      </provides>
      <requires size='1'>
        <required namespace='osgi.bundle' name='net.sourceforge.sqlexplorer' range='3.5.0'/>
      </requires>
      <artifacts size='1'>
        <artifact classifier='osgi.bundle' id='net.sourceforge.sqlexplorer.oracle' version='3.5.1.v20100730_SR4'/>
      </artifacts>
      <touchpoint id='org.eclipse.equinox.p2.osgi' version='1.0.0'/>
      <touchpointData size='1'>
        <instructions size='1'>
          <instruction key='manifest'>
            Bundle-ManifestVersion: 2&#xA;Bundle-RequiredExecutionEnvironment: J2SE-1.5&#xA;Bundle-Localization: plugin&#xA;Bundle-Name: SQLExplorer Oracle Extension&#xA;Bundle-Version: 3.5.1.v20100730_SR4&#xA;Bundle-Vendor: SQL Explorer Project (eclipsesql.sourceforge.net)&#xA;Bundle-SymbolicName: net.sourceforge.sqlexplorer.oracle;singleton:=true&#xA;Fragment-Host: net.sourceforge.sqlexplorer;bundle-version=&quot;3.5.0&quot;&#xA;Created-By: 16.0-b13 (Sun Microsystems Inc.)&#xA;Bundle-ClassPath: lib/xdb.jar,.,lib/xml.jar,lib/xmlparserv2.jar,lib/xsu12.jar,lib/ojdbc14.jar&#xA;Ant-Version: Apache Ant 1.7.0&#xA;Manifest-Version: 1.0&#xA;
          </instruction>
        </instructions>
      </touchpointData>
    </unit>
    <unit id='net.sourceforge.sqlexplorer.mssql' version='3.5.1.v20100730_SR4'>
      <update id='net.sourceforge.sqlexplorer.mssql' range='[0.0.0,3.5.1.v20100730_SR4)' severity='0'/>
      <properties size='2'>
        <property name='org.eclipse.equinox.p2.name' value='Microsoft SQL Server extensions to SQL Explorer'/>
        <property name='org.eclipse.equinox.p2.provider' value='Austin Morgan'/>
      </properties>
      <provides size='8'>
        <provided namespace='org.eclipse.equinox.p2.iu' name='net.sourceforge.sqlexplorer.mssql' version='3.5.1.v20100730_SR4'/>
        <provided namespace='osgi.bundle' name='net.sourceforge.sqlexplorer.mssql' version='3.5.1.v20100730_SR4'/>
        <provided namespace='java.package' name='net.sourceforge.sqlexplorer.mssql' version='0.0.0'/>
        <provided namespace='java.package' name='net.sourceforge.sqlexplorer.mssql.actions' version='0.0.0'/>
        <provided namespace='java.package' name='net.sourceforge.sqlexplorer.mssql.nodes' version='0.0.0'/>
        <provided namespace='java.package' name='net.sourceforge.sqlexplorer.mssql.tabs' version='0.0.0'/>
        <provided namespace='org.eclipse.equinox.p2.eclipse.type' name='bundle' version='1.0.0'/>
        <provided namespace='osgi.fragment' name='net.sourceforge.sqlexplorer' version='3.5.1.v20100730_SR4'/>
      </provides>
      <requires size='1'>
        <required namespace='osgi.bundle' name='net.sourceforge.sqlexplorer' range='3.5.0'/>
      </requires>
      <artifacts size='1'>
        <artifact classifier='osgi.bundle' id='net.sourceforge.sqlexplorer.mssql' version='3.5.1.v20100730_SR4'/>
      </artifacts>
      <touchpoint id='org.eclipse.equinox.p2.osgi' version='1.0.0'/>
      <touchpointData size='1'>
        <instructions size='1'>
          <instruction key='manifest'>
            Bundle-Vendor: Austin Morgan&#xA;Bundle-ManifestVersion: 2&#xA;Bundle-RequiredExecutionEnvironment: J2SE-1.5&#xA;Bundle-Name: Microsoft SQL Server extensions to SQL Explorer&#xA;Manifest-Version: 1.0&#xA;Fragment-Host: net.sourceforge.sqlexplorer;bundle-version=&quot;3.5.0&quot;&#xA;Bundle-SymbolicName: net.sourceforge.sqlexplorer.mssql;singleton:=true&#xA;Bundle-Version: 3.5.1.v20100730_SR4&#xA;Created-By: 16.0-b13 (Sun Microsystems Inc.)&#xA;Export-Package: net.sourceforge.sqlexplorer.mssql,net.sourceforge.sqlexplorer.mssql.actions,net.sourceforge.sqlexplorer.mssql.nodes,net.sourceforge.sqlexplorer.mssql.tabs&#xA;Ant-Version: Apache Ant 1.7.0&#xA;
          </instruction>
        </instructions>
      </touchpointData>
    </unit>
  </units>
</repository>
